POSITION_ID,CLIENT_ID,SECURITY_ID,TICKER,QUANTITY,MARKET_VALUE,COST_BASIS,UNREALIZED_GAIN_LOSS,ASSET_CLASS,CURRENCY,AS_OF_DATE,STATUS
POS00001,CLI0001,SEC033,AP,1623.82,1078509.11,681192.49,397316.62,Real Estate,Canada,2024-03-27,Active
POS00002,CLI0001,SEC010,BCE,353.39,48074.13,45103.17,2970.96,Canadian Equity,Canada,2025-03-25,Active
POS00003,CLI0001,SEC004,BMO,1223.51,344754.85,226508.41,118246.44,Canadian Equity,Canada,2025-01-31,Active
POS00004,CLI0001,SEC029,CORP.BOND.A,683.35,287867.64,205654.18,82213.46,Fixed Income,Canada,2025-10-24,Active
POS00005,CLI0001,SEC007,SU,666.08,190523.26,187295.04,3228.22,Canadian Equity,Canada,2024-09-15,Active
POS00006,CLI0002,SEC010,BCE,1834.33,370327.07,290851.36,79475.71,Canadian Equity,Canada,2025-11-09,Active
POS00007,CLI0002,SEC022,SAP,1194.13,529091.4,560417.15,-31325.75,International Equity,Germany,2025-01-20,Active
POS00008,CLI0002,SEC006,CNQ,663.67,59694.11,45302.11,14392.0,Canadian Equity,Canada,2025-12-02,Pending Settlement
POS00009,CLI0002,SEC038,FTS,195.97,74803.04,66018.37,8784.67,Infrastructure,Canada,2024-01-19,Active
POS00010,CLI0002,SEC043,SLF,368.72,63467.08,40938.98,22528.1,Canadian Equity,Canada,2025-05-12,Active
POS00011,CLI0002,SEC050,ZRE,1999.95,152122.01,163395.92,-11273.91,Real Estate,Canada,2024-04-13,Active
POS00012,CLI0003,SEC048,XAW,270.79,41695.09,51850.87,-10155.78,International Equity,Canada,2025-12-10,Active
POS00013,CLI0003,SEC034,IIP,1620.0,150108.81,140842.8,9266.01,Real Estate,Canada,2025-02-24,Active
POS00014,CLI0003,SEC003,BNS,1441.98,860170.39,699288.2,160882.19,Canadian Equity,Canada,2025-04-04,Active
POS00015,CLI0003,SEC043,SLF,485.95,327441.09,234699.27,92741.82,Canadian Equity,Canada,2024-07-17,Active
POS00016,CLI0003,SEC022,SAP,1894.79,1015447.9,932805.12,82642.78,International Equity,Germany,2024-10-15,Active
POS00017,CLI0003,SEC040,HBF,1010.78,172470.87,214527.95,-42057.08,Alternatives,Canada,2024-07-23,Active
POS00018,CLI0004,SEC017,XOM,966.38,280460.89,182404.23,98056.66,US Equity,United States,2025-12-29,Active
POS00019,CLI0004,SEC004,BMO,1703.82,342289.86,248945.14,93344.72,Canadian Equity,Canada,2024-10-06,Active
POS00020,CLI0004,SEC042,MFC,1031.57,316607.34,429514.8,-112907.46,Canadian Equity,Canada,2024-08-15,Active
POS00021,CLI0005,SEC002,TD,1008.99,195847.98,122804.17,73043.81,Canadian Equity,Canada,2025-01-18,Active
POS00022,CLI0005,SEC027,CAN.GOV.10Y,644.18,46271.95,34817.93,11454.02,Fixed Income,Canada,2024-12-09,Active
POS00023,CLI0005,SEC004,BMO,283.82,60011.07,41724.38,18286.69,Canadian Equity,Canada,2025-12-13,Active
POS00024,CLI0005,SEC026,CAN.GOV.2Y,1520.09,445165.84,360580.55,84585.29,Fixed Income,Canada,2024-03-22,Active
POS00025,CLI0006,SEC010,BCE,1221.67,363573.21,262060.43,101512.78,Canadian Equity,Canada,2024-08-31,Active
POS00026,CLI0006,SEC036,BIP,105.02,31382.99,22349.31,9033.68,Infrastructure,Canada,2025-04-13,Active
POS00027,CLI0006,SEC047,CASH.ETF,1675.01,490138.34,422806.02,67332.32,Cash,Canada,2025-10-09,Active
POS00028,CLI0007,SEC046,BAM,864.19,234850.15,267319.89,-32469.74,Canadian Equity,Canada,2025-03-02,Active
POS00029,CLI0007,SEC010,BCE,1339.75,351226.89,353854.77,-2627.88,Canadian Equity,Canada,2025-06-22,Active
POS00030,CLI0007,SEC019,UNH,1574.96,270146.62,403615.0,-133468.38,US Equity,United States,2025-04-26,Active
POS00031,CLI0008,SEC024,NOVO,1579.15,373495.7,277425.07,96070.63,International Equity,Denmark,2025-10-05,Active
POS00032,CLI0008,SEC017,XOM,1167.99,344345.75,443322.28,-98976.53,US Equity,United States,2024-12-26,Active
POS00033,CLI0008,SEC048,XAW,1628.88,207581.7,149319.43,58262.27,International Equity,Canada,2025-04-20,Closed
POS00034,CLI0008,SEC002,TD,962.28,71304.38,91637.92,-20333.54,Canadian Equity,Canada,2025-04-13,Active
POS00035,CLI0008,SEC023,SHEL,411.17,243219.08,163070.02,80149.06,International Equity,United Kingdom,2024-11-19,Pending Settlement
POS00036,CLI0009,SEC026,CAN.GOV.2Y,390.3,98702.95,70917.51,27785.44,Fixed Income,Canada,2025-11-02,Active
POS00037,CLI0009,SEC035,AQN,257.71,72112.78,48235.58,23877.2,Infrastructure,Canada,2025-03-26,Pending Settlement
POS00038,CLI0009,SEC031,REI,779.42,425646.89,379569.75,46077.14,Real Estate,Canada,2025-05-24,Active
POS00039,CLI0009,SEC017,XOM,1596.61,159379.59,218783.47,-59403.88,US Equity,United States,2025-03-10,Active
POS00040,CLI0009,SEC003,BNS,1208.88,581917.08,498131.09,83785.99,Canadian Equity,Canada,2024-11-24,Active
POS00041,CLI0009,SEC042,MFC,662.56,107653.84,100271.83,7382.01,Canadian Equity,Canada,2025-03-12,Active
POS00042,CLI0010,SEC023,SHEL,1996.32,444713.33,281281.49,163431.84,International Equity,United Kingdom,2024-02-28,Active
POS00043,CLI0010,SEC029,CORP.BOND.A,1278.65,333493.47,236345.67,97147.8,Fixed Income,Canada,2025-11-26,Active
POS00044,CLI0010,SEC003,BNS,71.97,39593.93,30593.73,9000.2,Canadian Equity,Canada,2025-03-24,Active
POS00045,CLI0010,SEC047,CASH.ETF,143.79,56019.71,56131.3,-111.59,Cash,Canada,2025-01-27,Pending Settlement
POS00046,CLI0010,SEC040,HBF,74.45,6493.36,6026.73,466.63,Alternatives,Canada,2025-01-14,Active
POS00047,CLI0011,SEC037,TRP,1063.63,272277.28,214885.17,57392.11,Infrastructure,Canada,2024-09-12,Closed
POS00048,CLI0011,SEC009,TRI,61.57,6825.83,5977.83,848.0,Canadian Equity,Canada,2025-07-29,Active
POS00049,CLI0012,SEC046,BAM,578.3,296181.08,265243.08,30938.0,Canadian Equity,Canada,2024-05-05,Active
POS00050,CLI0012,SEC029,CORP.BOND.A,157.36,18899.55,14234.79,4664.76,Fixed Income,Canada,2024-03-30,Active
POS00051,CLI0012,SEC014,AMZN,1935.45,1226460.45,954854.26,271606.19,US Equity,United States,2025-12-27,Active
POS00052,CLI0012,SEC040,HBF,1088.92,708809.0,485886.99,222922.01,Alternatives,Canada,2025-12-29,Active
POS00053,CLI0013,SEC024,NOVO,251.51,20549.42,26280.28,-5730.86,International Equity,Denmark,2025-05-20,Active
POS00054,CLI0013,SEC033,AP,1112.5,295015.79,208716.13,86299.66,Real Estate,Canada,2025-07-18,Active
POS00055,CLI0013,SEC015,JPM,1769.65,68327.71,66450.36,1877.35,US Equity,United States,2025-05-05,Active
POS00056,CLI0014,SEC037,TRP,157.59,42379.75,37126.63,5253.12,Infrastructure,Canada,2024-05-11,Pending Settlement
POS00057,CLI0014,SEC005,ENB,1562.72,413676.46,502727.02,-89050.56,Canadian Equity,Canada,2024-05-12,Active
POS00058,CLI0014,SEC009,TRI,1822.32,45384.37,59097.84,-13713.47,Canadian Equity,Canada,2024-06-05,Active
POS00059,CLI0014,SEC021,NESN,332.31,134314.66,155421.39,-21106.73,International Equity,Switzerland,2025-06-15,Pending Settlement
POS00060,CLI0014,SEC042,MFC,1693.41,273890.29,218534.56,55355.73,Canadian Equity,Canada,2025-07-18,Active
POS00061,CLI0015,SEC040,HBF,1285.56,460257.4,383032.6,77224.8,Alternatives,Canada,2024-06-24,Active
POS00062,CLI0015,SEC035,AQN,1444.06,637849.79,439774.03,198075.76,Infrastructure,Canada,2025-07-31,Active
POS00063,CLI0015,SEC006,CNQ,1728.92,121242.43,78164.47,43077.96,Canadian Equity,Canada,2025-08-13,Active
POS00064,CLI0015,SEC033,AP,429.51,153152.22,123789.08,29363.14,Real Estate,Canada,2024-02-01,Active
POS00065,CLI0016,SEC019,UNH,818.12,244871.48,187758.54,57112.94,US Equity,United States,2024-06-10,Active
POS00066,CLI0016,SEC042,MFC,973.66,126554.79,103198.22,23356.57,Canadian Equity,Canada,2024-11-16,Pending Settlement
POS00067,CLI0016,SEC020,PG,645.44,311909.44,318892.54,-6983.1,US Equity,United States,2025-02-12,Active
POS00068,CLI0016,SEC031,REI,747.37,201613.05,211520.66,-9907.61,Real Estate,Canada,2025-04-22,Active
POS00069,CLI0016,SEC016,JNJ,904.7,47195.62,67608.23,-20412.61,US Equity,United States,2025-01-28,Pending Settlement
POS00070,CLI0016,SEC044,POW,842.09,611155.03,405491.6,205663.43,Canadian Equity,Canada,2024-12-01,Pending Settlement
POS00071,CLI0017,SEC013,NVDA,1991.98,698373.69,470246.72,228126.97,US Equity,United States,2025-05-24,Active
POS00072,CLI0017,SEC049,VEA,1891.01,756864.47,482585.75,274278.72,International Equity,United States,2024-08-08,Active
POS00073,CLI0017,SEC011,AAPL,106.83,18766.75,15412.36,3354.39,US Equity,United States,2025-10-31,Active
POS00074,CLI0017,SEC032,CRT,578.64,3938.63,5236.69,-1298.06,Real Estate,Canada,2024-05-17,Pending Settlement
POS00075,CLI0018,SEC049,VEA,807.16,193609.35,231889.0,-38279.65,International Equity,United States,2025-07-20,Active
POS00076,CLI0018,SEC026,CAN.GOV.2Y,778.83,208116.6,177518.72,30597.88,Fixed Income,Canada,2025-09-30,Active
POS00077,CLI0018,SEC024,NOVO,246.43,123085.82,120176.52,2909.3,International Equity,Denmark,2024-12-13,Active
POS00078,CLI0018,SEC003,BNS,737.56,68887.36,56356.96,12530.4,Canadian Equity,Canada,2025-02-15,Active
POS00079,CLI0019,SEC003,BNS,1430.05,658868.07,576252.95,82615.12,Canadian Equity,Canada,2024-06-01,Active
POS00080,CLI0019,SEC009,TRI,1035.86,213627.76,173340.81,40286.95,Canadian Equity,Canada,2024-06-15,Active
POS00081,CLI0020,SEC048,XAW,1069.36,355701.49,380510.37,-24808.88,International Equity,Canada,2024-01-18,Active
POS00082,CLI0020,SEC020,PG,1350.87,797382.86,661993.84,135389.02,US Equity,United States,2025-12-05,Active
POS00083,CLI0020,SEC038,FTS,1197.85,208021.49,163434.65,44586.84,Infrastructure,Canada,2025-08-15,Active
POS00084,CLI0020,SEC022,SAP,1445.59,344909.25,424772.17,-79862.92,International Equity,Germany,2025-10-06,Active
POS00085,CLI0020,SEC033,AP,1551.47,428785.05,299728.49,129056.56,Real Estate,Canada,2024-09-05,Active
POS00086,CLI0020,SEC046,BAM,1896.93,75267.59,112677.64,-37410.05,Canadian Equity,Canada,2024-11-17,Active
POS00087,CLI0021,SEC045,GWO,1226.84,425908.13,292527.73,133380.4,Canadian Equity,Canada,2024-03-04,Active
POS00088,CLI0021,SEC014,AMZN,1042.18,470773.53,294561.76,176211.77,US Equity,United States,2025-05-04,Active
POS00089,CLI0021,SEC027,CAN.GOV.10Y,634.37,87285.3,57556.39,29728.91,Fixed Income,Canada,2024-12-16,Active
POS00090,CLI0021,SEC033,AP,1354.98,763405.1,588725.26,174679.84,Real Estate,Canada,2025-12-10,Active
POS00091,CLI0021,SEC050,ZRE,973.52,426598.47,466199.26,-39600.79,Real Estate,Canada,2024-11-01,Active
POS00092,CLI0022,SEC050,ZRE,1383.58,377997.13,341827.27,36169.86,Real Estate,Canada,2025-07-27,Pending Settlement
POS00093,CLI0022,SEC019,UNH,1592.86,171208.46,223573.83,-52365.37,US Equity,United States,2025-11-23,Active
POS00094,CLI0022,SEC046,BAM,1792.56,351089.32,359031.84,-7942.52,Canadian Equity,Canada,2024-05-29,Active
POS00095,CLI0022,SEC014,AMZN,582.38,204408.25,208783.23,-4374.98,US Equity,United States,2025-03-28,Active
POS00096,CLI0023,SEC014,AMZN,1395.38,125703.44,101792.97,23910.47,US Equity,United States,2025-08-23,Active
POS00097,CLI0023,SEC013,NVDA,111.02,43478.57,50299.83,-6821.26,US Equity,United States,2024-08-26,Active
POS00098,CLI0023,SEC035,AQN,832.47,223479.45,299764.12,-76284.67,Infrastructure,Canada,2024-05-20,Active
POS00099,CLI0023,SEC018,V,1105.2,532593.35,513807.48,18785.87,US Equity,United States,2025-05-02,Active
POS00100,CLI0023,SEC036,BIP,406.92,187385.2,196192.41,-8807.21,Infrastructure,Canada,2025-10-23,Active
POS00101,CLI0024,SEC042,MFC,472.12,255105.17,174991.28,80113.89,Canadian Equity,Canada,2024-02-08,Pending Settlement
POS00102,CLI0024,SEC037,TRP,358.38,129331.01,158300.03,-28969.02,Infrastructure,Canada,2024-02-07,Closed
POS00103,CLI0025,SEC032,CRT,28.44,6119.12,8137.82,-2018.7,Real Estate,Canada,2024-12-09,Active
POS00104,CLI0025,SEC012,MSFT,1978.31,606524.24,541918.46,64605.78,US Equity,United States,2024-05-17,Pending Settlement
POS00105,CLI0025,SEC048,XAW,941.36,71575.87,94550.2,-22974.33,International Equity,Canada,2024-06-15,Active
POS00106,CLI0025,SEC019,UNH,1300.09,311095.67,468955.46,-157859.79,US Equity,United States,2024-12-11,Active
POS00107,CLI0025,SEC003,BNS,1139.88,353626.29,432983.42,-79357.13,Canadian Equity,Canada,2025-10-16,Pending Settlement
POS00108,CLI0026,SEC033,AP,199.82,108258.72,98097.63,10161.09,Real Estate,Canada,2024-09-11,Active
POS00109,CLI0026,SEC021,NESN,773.31,158019.06,174868.59,-16849.53,International Equity,Switzerland,2024-12-03,Active
POS00110,CLI0026,SEC006,CNQ,1448.54,19626.06,15441.44,4184.62,Canadian Equity,Canada,2025-12-10,Active
POS00111,CLI0026,SEC026,CAN.GOV.2Y,1338.89,252653.12,315134.54,-62481.42,Fixed Income,Canada,2025-12-03,Active
POS00112,CLI0026,SEC043,SLF,1791.29,598259.1,632791.11,-34532.01,Canadian Equity,Canada,2024-04-30,Active
POS00113,CLI0027,SEC024,NOVO,961.58,351837.18,221365.33,130471.85,International Equity,Denmark,2025-01-17,Active
POS00114,CLI0027,SEC040,HBF,1102.98,304756.01,262575.42,42180.59,Alternatives,Canada,2025-11-11,Active
POS00115,CLI0027,SEC015,JPM,1526.1,634247.83,521575.2,112672.63,US Equity,United States,2024-03-24,Active
POS00116,CLI0027,SEC009,TRI,1061.06,297156.3,195319.92,101836.38,Canadian Equity,Canada,2024-04-24,Active
POS00117,CLI0028,SEC033,AP,662.95,132368.3,174070.78,-41702.48,Real Estate,Canada,2024-07-29,Active
POS00118,CLI0028,SEC013,NVDA,982.77,474569.99,442197.36,32372.63,US Equity,United States,2024-02-26,Active
POS00119,CLI0028,SEC037,TRP,1031.36,168013.61,238367.92,-70354.31,Infrastructure,Canada,2025-04-18,Active
POS00120,CLI0028,SEC035,AQN,623.26,8770.24,9835.04,-1064.8,Infrastructure,Canada,2024-01-04,Active
POS00121,CLI0028,SEC010,BCE,1160.84,31107.76,31830.23,-722.47,Canadian Equity,Canada,2024-03-06,Active
POS00122,CLI0028,SEC011,AAPL,129.91,92278.8,58152.91,34125.89,US Equity,United States,2025-04-28,Active
POS00123,CLI0029,SEC012,MSFT,1295.3,439731.02,276002.52,163728.5,US Equity,United States,2025-01-26,Active
POS00124,CLI0029,SEC050,ZRE,1835.06,255689.78,352074.61,-96384.83,Real Estate,Canada,2025-11-08,Pending Settlement
POS00125,CLI0029,SEC009,TRI,274.65,90250.63,118330.21,-28079.58,Canadian Equity,Canada,2025-07-04,Active
POS00126,CLI0029,SEC042,MFC,263.42,186065.31,128936.19,57129.12,Canadian Equity,Canada,2024-01-24,Closed
POS00127,CLI0029,SEC047,CASH.ETF,931.38,353972.89,336181.61,17791.28,Cash,Canada,2025-01-23,Active
POS00128,CLI0030,SEC030,HYG,558.54,350713.52,261966.43,88747.09,Fixed Income,United States,2024-04-25,Active
POS00129,CLI0030,SEC023,SHEL,1323.79,630498.7,409567.39,220931.31,International Equity,United Kingdom,2024-01-17,Active
POS00130,CLI0030,SEC010,BCE,143.91,46218.36,43029.09,3189.27,Canadian Equity,Canada,2025-11-19,Active
POS00131,CLI0031,SEC016,JNJ,98.03,25338.07,21791.09,3546.98,US Equity,United States,2024-02-27,Active
POS00132,CLI0031,SEC048,XAW,1987.03,365321.4,240251.8,125069.6,International Equity,Canada,2025-08-12,Active
POS00133,CLI0032,SEC050,ZRE,1971.53,540788.46,518551.82,22236.64,Real Estate,Canada,2024-10-08,Active
POS00134,CLI0032,SEC044,POW,1897.56,1267070.69,835799.28,431271.41,Canadian Equity,Canada,2025-10-03,Active
POS00135,CLI0032,SEC021,NESN,1116.14,30768.24,31486.31,-718.07,International Equity,Switzerland,2025-10-20,Active
POS00136,CLI0032,SEC016,JNJ,1573.75,267816.69,256159.29,11657.4,US Equity,United States,2024-06-01,Active
POS00137,CLI0032,SEC020,PG,375.92,89628.57,101975.82,-12347.25,US Equity,United States,2024-08-18,Active
POS00138,CLI0032,SEC010,BCE,1418.08,869942.45,572705.79,297236.66,Canadian Equity,Canada,2025-07-29,Active
POS00139,CLI0033,SEC036,BIP,517.44,63214.45,87178.29,-23963.84,Infrastructure,Canada,2025-04-05,Active
POS00140,CLI0033,SEC034,IIP,194.0,58625.7,70551.98,-11926.28,Real Estate,Canada,2024-10-01,Active
POS00141,CLI0033,SEC009,TRI,1213.89,21457.43,29837.42,-8379.99,Canadian Equity,Canada,2025-08-24,Active
POS00142,CLI0033,SEC025,ASML,1122.11,401305.62,271887.25,129418.37,International Equity,Netherlands,2024-12-06,Active
POS00143,CLI0033,SEC016,JNJ,1818.9,165928.42,199787.98,-33859.56,US Equity,United States,2024-04-30,Active
POS00144,CLI0034,SEC016,JNJ,799.3,94301.27,98689.57,-4388.3,US Equity,United States,2024-10-16,Active
POS00145,CLI0034,SEC045,GWO,1071.96,176090.6,195986.45,-19895.85,Canadian Equity,Canada,2025-06-09,Pending Settlement
POS00146,CLI0034,SEC039,GOLD.ETF,937.35,504023.31,377180.27,126843.04,Alternatives,Canada,2024-11-23,Pending Settlement
POS00147,CLI0034,SEC046,BAM,747.7,185882.14,156942.23,28939.91,Canadian Equity,Canada,2024-08-14,Active
POS00148,CLI0034,SEC014,AMZN,42.28,14206.72,11791.47,2415.25,US Equity,United States,2025-03-03,Active
POS00149,CLI0035,SEC022,SAP,1143.88,169937.9,144860.96,25076.94,International Equity,Germany,2025-12-02,Active
POS00150,CLI0035,SEC015,JPM,1529.09,504842.85,377486.45,127356.4,US Equity,United States,2025-05-17,Active
POS00151,CLI0035,SEC025,ASML,1468.22,206150.31,263295.89,-57145.58,International Equity,Netherlands,2025-07-13,Active
POS00152,CLI0036,SEC042,MFC,106.54,678.64,869.37,-190.73,Canadian Equity,Canada,2025-10-07,Active
POS00153,CLI0036,SEC004,BMO,1417.27,15268.46,13506.58,1761.88,Canadian Equity,Canada,2025-01-17,Active
POS00154,CLI0036,SEC034,IIP,1279.08,906761.52,597688.5,309073.02,Real Estate,Canada,2025-11-06,Active
POS00155,CLI0036,SEC003,BNS,23.16,4258.42,6439.87,-2181.45,Canadian Equity,Canada,2025-06-26,Active
POS00156,CLI0036,SEC005,ENB,1076.12,178187.21,158092.79,20094.42,Canadian Equity,Canada,2025-12-15,Active
POS00157,CLI0036,SEC043,SLF,1614.27,552505.57,735041.7,-182536.13,Canadian Equity,Canada,2024-04-08,Active
POS00158,CLI0037,SEC013,NVDA,512.31,129904.63,92446.34,37458.29,US Equity,United States,2024-03-21,Active
POS00159,CLI0037,SEC040,HBF,817.99,370423.95,232865.39,137558.56,Alternatives,Canada,2024-08-19,Active
POS00160,CLI0037,SEC034,IIP,1657.84,118536.89,74453.59,44083.3,Real Estate,Canada,2025-10-27,Active
POS00161,CLI0038,SEC026,CAN.GOV.2Y,760.57,229659.13,183008.35,46650.78,Fixed Income,Canada,2025-12-20,Active
POS00162,CLI0038,SEC025,ASML,1004.72,308089.02,220827.41,87261.61,International Equity,Netherlands,2025-08-02,Closed
POS00163,CLI0039,SEC034,IIP,467.24,275639.2,210785.98,64853.22,Real Estate,Canada,2025-08-03,Active
POS00164,CLI0039,SEC003,BNS,102.66,6562.54,4291.19,2271.35,Canadian Equity,Canada,2025-07-10,Active
POS00165,CLI0040,SEC012,MSFT,41.16,3483.46,4426.35,-942.89,US Equity,United States,2025-12-30,Active
POS00166,CLI0040,SEC021,NESN,1858.46,337472.79,284604.56,52868.23,International Equity,Switzerland,2025-08-03,Active
POS00167,CLI0041,SEC044,POW,1482.09,766403.68,587352.27,179051.41,Canadian Equity,Canada,2024-03-21,Active
POS00168,CLI0041,SEC035,AQN,1948.9,65561.16,61546.26,4014.9,Infrastructure,Canada,2024-03-18,Active
POS00169,CLI0041,SEC022,SAP,1540.32,755501.47,735733.85,19767.62,International Equity,Germany,2024-11-30,Active
POS00170,CLI0041,SEC025,ASML,553.92,306838.8,274927.11,31911.69,International Equity,Netherlands,2024-12-30,Active
POS00171,CLI0041,SEC049,VEA,757.1,88554.95,73393.27,15161.68,International Equity,United States,2025-01-24,Active
POS00172,CLI0042,SEC019,UNH,316.9,141777.29,113222.03,28555.26,US Equity,United States,2025-02-02,Active
POS00173,CLI0042,SEC016,JNJ,222.04,1584.79,1680.84,-96.05,US Equity,United States,2025-01-03,Active
POS00174,CLI0042,SEC046,BAM,213.44,10901.48,10289.94,611.54,Canadian Equity,Canada,2025-07-24,Active
POS00175,CLI0042,SEC005,ENB,822.01,14592.27,14796.18,-203.91,Canadian Equity,Canada,2024-04-05,Active
POS00176,CLI0042,SEC006,CNQ,1571.03,449663.22,679533.32,-229870.1,Canadian Equity,Canada,2025-02-27,Active
POS00177,CLI0042,SEC018,V,178.55,121606.25,80536.76,41069.49,US Equity,United States,2024-09-05,Active
POS00178,CLI0043,SEC044,POW,286.29,49330.96,44105.84,5225.12,Canadian Equity,Canada,2024-03-05,Active
POS00179,CLI0043,SEC025,ASML,559.16,119514.93,85763.96,33750.97,International Equity,Netherlands,2025-01-04,Active
POS00180,CLI0043,SEC011,AAPL,500.71,191123.99,157418.22,33705.77,US Equity,United States,2024-07-19,Active
POS00181,CLI0044,SEC020,PG,671.11,296045.59,209386.32,86659.27,US Equity,United States,2024-12-03,Active
POS00182,CLI0044,SEC001,RY,866.93,453786.13,357738.66,96047.47,Canadian Equity,Canada,2025-08-31,Active
POS00183,CLI0044,SEC026,CAN.GOV.2Y,648.12,258249.47,307144.07,-48894.6,Fixed Income,Canada,2024-11-17,Active
POS00184,CLI0045,SEC021,NESN,987.1,252046.82,286318.23,-34271.41,International Equity,Switzerland,2025-01-20,Active
POS00185,CLI0045,SEC019,UNH,1573.87,448718.07,292236.18,156481.89,US Equity,United States,2024-07-23,Active
POS00186,CLI0045,SEC048,XAW,1095.8,440023.84,375256.71,64767.13,International Equity,Canada,2025-04-17,Pending Settlement
POS00187,CLI0045,SEC045,GWO,427.2,245926.71,170815.92,75110.79,Canadian Equity,Canada,2024-03-11,Active
POS00188,CLI0045,SEC041,GSY,1593.36,371784.86,330670.0,41114.86,Canadian Equity,Canada,2025-10-10,Active
POS00189,CLI0046,SEC043,SLF,1580.26,104626.49,65754.62,38871.87,Canadian Equity,Canada,2025-05-05,Active
POS00190,CLI0046,SEC010,BCE,1073.39,732238.9,496045.72,236193.18,Canadian Equity,Canada,2025-03-04,Active
POS00191,CLI0046,SEC046,BAM,1583.53,434818.2,289738.48,145079.72,Canadian Equity,Canada,2025-07-03,Active
POS00192,CLI0046,SEC028,PROV.ON.5Y,1829.66,95851.06,108206.09,-12355.03,Fixed Income,Canada,2025-11-11,Active
POS00193,CLI0047,SEC003,BNS,1933.95,460051.5,327108.3,132943.2,Canadian Equity,Canada,2024-04-18,Active
POS00194,CLI0047,SEC037,TRP,524.89,154635.69,135306.14,19329.55,Infrastructure,Canada,2025-08-17,Active
POS00195,CLI0047,SEC042,MFC,449.85,93249.4,85556.97,7692.43,Canadian Equity,Canada,2025-11-26,Active
POS00196,CLI0047,SEC044,POW,1005.93,119047.06,176802.26,-57755.2,Canadian Equity,Canada,2024-04-17,Active
POS00197,CLI0047,SEC048,XAW,1841.89,125963.57,87489.78,38473.79,International Equity,Canada,2024-05-25,Active
POS00198,CLI0047,SEC026,CAN.GOV.2Y,692.7,311887.27,272376.57,39510.7,Fixed Income,Canada,2024-12-22,Active
POS00199,CLI0048,SEC047,CASH.ETF,607.53,187312.9,246681.48,-59368.58,Cash,Canada,2024-12-17,Active
POS00200,CLI0048,SEC045,GWO,1357.51,185782.25,117234.56,68547.69,Canadian Equity,Canada,2024-09-06,Active
POS00201,CLI0048,SEC029,CORP.BOND.A,1108.3,197426.79,187125.37,10301.42,Fixed Income,Canada,2025-04-18,Active
POS00202,CLI0048,SEC021,NESN,816.04,98895.24,78584.65,20310.59,International Equity,Switzerland,2025-03-18,Active
POS00203,CLI0048,SEC005,ENB,1477.4,703562.36,653202.86,50359.5,Canadian Equity,Canada,2025-03-15,Active
POS00204,CLI0049,SEC014,AMZN,1410.48,674516.49,562809.73,111706.76,US Equity,United States,2025-07-03,Active
POS00205,CLI0049,SEC018,V,658.71,137119.76,152484.78,-15365.02,US Equity,United States,2025-05-16,Active
POS00206,CLI0049,SEC049,VEA,1281.83,474069.79,385189.91,88879.88,International Equity,United States,2025-08-24,Active
POS00207,CLI0050,SEC030,HYG,1414.92,265761.12,215407.42,50353.7,Fixed Income,United States,2024-03-27,Active
POS00208,CLI0050,SEC040,HBF,633.24,59324.44,77945.51,-18621.07,Alternatives,Canada,2025-01-17,Active
POS00209,CLI0050,SEC012,MSFT,1026.54,169984.66,217657.28,-47672.62,US Equity,United States,2025-01-27,Active
POS00210,CLI0050,SEC044,POW,978.47,403900.67,265165.37,138735.3,Canadian Equity,Canada,2024-06-26,Active
POS00211,CLI0051,SEC019,UNH,1242.63,837108.28,538593.12,298515.16,US Equity,United States,2025-05-11,Active
POS00212,CLI0051,SEC009,TRI,1632.28,889352.8,786922.19,102430.61,Canadian Equity,Canada,2025-05-21,Active
POS00213,CLI0051,SEC012,MSFT,988.53,377685.61,352430.72,25254.89,US Equity,United States,2024-06-20,Active
POS00214,CLI0051,SEC021,NESN,71.41,25281.98,27258.63,-1976.65,International Equity,Switzerland,2024-10-08,Active
POS00215,CLI0051,SEC029,CORP.BOND.A,584.45,271663.42,228794.64,42868.78,Fixed Income,Canada,2025-05-22,Active
POS00216,CLI0052,SEC037,TRP,543.1,236669.39,148722.5,87946.89,Infrastructure,Canada,2025-07-09,Active
POS00217,CLI0052,SEC008,CP,92.8,39152.78,33491.52,5661.26,Canadian Equity,Canada,2025-03-11,Active
POS00218,CLI0053,SEC020,PG,533.0,168611.34,230144.07,-61532.73,US Equity,United States,2024-04-30,Active
POS00219,CLI0053,SEC003,BNS,481.52,236438.27,195641.58,40796.69,Canadian Equity,Canada,2024-12-25,Pending Settlement
POS00220,CLI0053,SEC029,CORP.BOND.A,1224.42,328138.98,265625.67,62513.31,Fixed Income,Canada,2024-07-30,Active
POS00221,CLI0054,SEC037,TRP,1069.24,260193.07,321242.47,-61049.4,Infrastructure,Canada,2025-12-21,Active
POS00222,CLI0054,SEC023,SHEL,1149.74,623756.36,547782.13,75974.23,International Equity,United Kingdom,2025-11-26,Active
POS00223,CLI0055,SEC049,VEA,1985.05,664123.08,861888.86,-197765.78,International Equity,United States,2024-05-15,Active
POS00224,CLI0055,SEC027,CAN.GOV.10Y,1425.68,812777.75,591799.77,220977.98,Fixed Income,Canada,2025-11-23,Active
POS00225,CLI0055,SEC004,BMO,292.92,116117.04,93160.28,22956.76,Canadian Equity,Canada,2025-01-19,Active
POS00226,CLI0056,SEC026,CAN.GOV.2Y,1502.11,777411.86,524056.14,253355.72,Fixed Income,Canada,2025-04-10,Closed
POS00227,CLI0056,SEC033,AP,661.31,5698.75,4113.35,1585.4,Real Estate,Canada,2024-04-05,Active
POS00228,CLI0057,SEC041,GSY,1593.4,504916.29,321659.66,183256.63,Canadian Equity,Canada,2024-08-04,Active
POS00229,CLI0057,SEC043,SLF,652.5,110981.51,94860.45,16121.06,Canadian Equity,Canada,2024-05-13,Active
POS00230,CLI0057,SEC045,GWO,975.82,221920.03,170914.87,51005.16,Canadian Equity,Canada,2024-02-19,Active
POS00231,CLI0057,SEC023,SHEL,1256.1,350381.46,526519.44,-176137.98,International Equity,United Kingdom,2024-06-10,Active
POS00232,CLI0057,SEC005,ENB,11.35,4580.96,5439.26,-858.3,Canadian Equity,Canada,2025-12-06,Pending Settlement
POS00233,CLI0058,SEC011,AAPL,727.27,42678.23,33308.97,9369.26,US Equity,United States,2025-10-26,Active
POS00234,CLI0058,SEC018,V,798.72,164024.78,124784.03,39240.75,US Equity,United States,2024-08-27,Active
POS00235,CLI0058,SEC006,CNQ,191.49,8510.84,9980.46,-1469.62,Canadian Equity,Canada,2024-03-20,Active
POS00236,CLI0058,SEC042,MFC,460.12,103548.72,157172.39,-53623.67,Canadian Equity,Canada,2025-12-13,Active
POS00237,CLI0059,SEC028,PROV.ON.5Y,273.03,11089.79,10937.58,152.21,Fixed Income,Canada,2024-04-14,Active
POS00238,CLI0059,SEC045,GWO,741.45,115080.66,113538.24,1542.42,Canadian Equity,Canada,2024-05-16,Active
POS00239,CLI0060,SEC005,ENB,26.86,9374.42,8776.77,597.65,Canadian Equity,Canada,2024-08-06,Active
POS00240,CLI0060,SEC034,IIP,311.23,84625.69,64984.82,19640.87,Real Estate,Canada,2024-08-10,Active
POS00241,CLI0060,SEC037,TRP,209.93,95888.16,79240.18,16647.98,Infrastructure,Canada,2025-01-28,Active
POS00242,CLI0061,SEC021,NESN,177.65,60453.7,49551.91,10901.79,International Equity,Switzerland,2025-09-14,Active
POS00243,CLI0061,SEC009,TRI,1883.15,50077.13,34423.98,15653.15,Canadian Equity,Canada,2024-11-04,Active
POS00244,CLI0061,SEC016,JNJ,1217.78,122460.5,119805.2,2655.3,US Equity,United States,2025-10-23,Active
POS00245,CLI0061,SEC018,V,1796.85,961199.13,858103.69,103095.44,US Equity,United States,2024-04-25,Active
POS00246,CLI0061,SEC042,MFC,1279.78,76781.27,51383.17,25398.1,Canadian Equity,Canada,2024-01-13,Closed
POS00247,CLI0062,SEC009,TRI,737.17,347624.84,252893.54,94731.3,Canadian Equity,Canada,2024-03-15,Active
POS00248,CLI0062,SEC025,ASML,144.39,13385.88,19460.88,-6075.0,International Equity,Netherlands,2024-03-02,Pending Settlement
POS00249,CLI0062,SEC037,TRP,801.97,156237.01,117737.22,38499.79,Infrastructure,Canada,2025-03-01,Active
POS00250,CLI0062,SEC027,CAN.GOV.10Y,810.53,303016.67,261047.4,41969.27,Fixed Income,Canada,2024-06-05,Active
POS00251,CLI0063,SEC006,CNQ,1077.42,267765.05,213770.9,53994.15,Canadian Equity,Canada,2025-10-27,Active
POS00252,CLI0063,SEC033,AP,141.57,66727.56,49668.42,17059.14,Real Estate,Canada,2024-09-01,Active
POS00253,CLI0063,SEC014,AMZN,181.56,43180.48,39955.91,3224.57,US Equity,United States,2025-09-15,Active
POS00254,CLI0063,SEC010,BCE,1335.5,360811.33,441703.27,-80891.94,Canadian Equity,Canada,2024-01-13,Active
POS00255,CLI0064,SEC011,AAPL,1906.5,701248.52,503106.28,198142.24,US Equity,United States,2024-09-22,Active
POS00256,CLI0064,SEC032,CRT,262.59,93109.18,102846.0,-9736.82,Real Estate,Canada,2024-04-30,Active
POS00257,CLI0065,SEC022,SAP,551.24,26781.45,20186.41,6595.04,International Equity,Germany,2025-08-13,Active
POS00258,CLI0065,SEC028,PROV.ON.5Y,997.33,180691.96,257151.57,-76459.61,Fixed Income,Canada,2025-08-03,Active
POS00259,CLI0066,SEC017,XOM,1789.59,460385.85,606116.24,-145730.39,US Equity,United States,2025-06-05,Active
POS00260,CLI0066,SEC050,ZRE,1718.79,13210.62,19044.19,-5833.57,Real Estate,Canada,2025-01-07,Active
POS00261,CLI0066,SEC007,SU,308.67,210633.8,143815.53,66818.27,Canadian Equity,Canada,2025-07-20,Active
POS00262,CLI0067,SEC015,JPM,646.67,319280.38,267637.31,51643.07,US Equity,United States,2024-05-02,Active
POS00263,CLI0067,SEC021,NESN,1804.86,239353.82,169259.77,70094.05,International Equity,Switzerland,2024-02-17,Closed
POS00264,CLI0067,SEC016,JNJ,147.16,31783.18,34614.98,-2831.8,US Equity,United States,2024-11-14,Active
POS00265,CLI0067,SEC027,CAN.GOV.10Y,1110.65,8346.87,9929.21,-1582.34,Fixed Income,Canada,2025-07-31,Active
POS00266,CLI0067,SEC047,CASH.ETF,1481.76,185312.58,185338.54,-25.96,Cash,Canada,2025-05-20,Closed
POS00267,CLI0068,SEC047,CASH.ETF,1593.99,194690.56,126770.02,67920.54,Cash,Canada,2024-01-25,Active
POS00268,CLI0068,SEC035,AQN,699.38,436327.38,294152.23,142175.15,Infrastructure,Canada,2024-12-09,Active
POS00269,CLI0068,SEC049,VEA,1318.03,751556.12,560505.44,191050.68,International Equity,United States,2024-04-16,Active
POS00270,CLI0069,SEC027,CAN.GOV.10Y,1945.39,134461.45,146818.58,-12357.13,Fixed Income,Canada,2024-02-14,Pending Settlement
POS00271,CLI0069,SEC032,CRT,1795.6,619678.12,470949.97,148728.15,Real Estate,Canada,2025-01-16,Active
POS00272,CLI0069,SEC004,BMO,1498.32,495266.88,438228.63,57038.25,Canadian Equity,Canada,2025-10-14,Active
POS00273,CLI0070,SEC038,FTS,133.94,34520.35,44589.97,-10069.62,Infrastructure,Canada,2024-10-25,Active
POS00274,CLI0070,SEC037,TRP,636.87,336342.32,255639.62,80702.7,Infrastructure,Canada,2024-11-30,Active
POS00275,CLI0071,SEC015,JPM,1562.07,366850.82,459920.27,-93069.45,US Equity,United States,2024-06-17,Active
POS00276,CLI0071,SEC005,ENB,634.93,40722.23,41118.07,-395.84,Canadian Equity,Canada,2024-07-31,Active
POS00277,CLI0071,SEC013,NVDA,932.06,292866.78,397970.98,-105104.2,US Equity,United States,2025-12-03,Active
POS00278,CLI0071,SEC009,TRI,1412.36,366340.66,428834.87,-62494.21,Canadian Equity,Canada,2024-12-01,Active
POS00279,CLI0072,SEC023,SHEL,107.41,23474.45,16426.21,7048.24,International Equity,United Kingdom,2024-06-27,Active
POS00280,CLI0072,SEC026,CAN.GOV.2Y,814.74,253691.1,186445.1,67246.0,Fixed Income,Canada,2024-09-12,Active
POS00281,CLI0072,SEC033,AP,212.8,64813.68,84681.63,-19867.95,Real Estate,Canada,2024-03-04,Active
POS00282,CLI0073,SEC009,TRI,750.76,300451.82,237990.92,62460.9,Canadian Equity,Canada,2025-08-19,Active
POS00283,CLI0073,SEC013,NVDA,1835.68,123501.64,77318.84,46182.8,US Equity,United States,2024-07-21,Pending Settlement
POS00284,CLI0073,SEC026,CAN.GOV.2Y,892.43,92634.59,61354.56,31280.03,Fixed Income,Canada,2024-12-05,Active
POS00285,CLI0074,SEC004,BMO,796.05,20258.23,15594.62,4663.61,Canadian Equity,Canada,2024-06-25,Active
POS00286,CLI0074,SEC011,AAPL,1817.53,275395.92,256489.83,18906.09,US Equity,United States,2024-06-01,Active
POS00287,CLI0074,SEC037,TRP,1242.16,146373.8,157331.99,-10958.19,Infrastructure,Canada,2025-02-25,Pending Settlement
POS00288,CLI0074,SEC028,PROV.ON.5Y,963.27,47288.19,46641.53,646.66,Fixed Income,Canada,2025-03-05,Active
POS00289,CLI0074,SEC047,CASH.ETF,1770.46,586716.63,469667.63,117049.0,Cash,Canada,2025-07-10,Active
POS00290,CLI0075,SEC046,BAM,694.63,189164.7,197969.55,-8804.85,Canadian Equity,Canada,2024-10-03,Active
POS00291,CLI0075,SEC023,SHEL,644.57,109722.41,73100.68,36621.73,International Equity,United Kingdom,2024-10-14,Active
POS00292,CLI0075,SEC031,REI,1983.15,730108.59,529639.87,200468.72,Real Estate,Canada,2024-08-26,Closed
POS00293,CLI0075,SEC035,AQN,209.27,62402.58,69090.49,-6687.91,Infrastructure,Canada,2024-02-27,Active
POS00294,CLI0075,SEC032,CRT,1896.13,870658.54,549820.82,320837.72,Real Estate,Canada,2025-02-01,Active
POS00295,CLI0076,SEC012,MSFT,642.83,235898.67,238078.52,-2179.85,US Equity,United States,2025-08-28,Active
POS00296,CLI0076,SEC016,JNJ,1404.12,789030.37,665609.04,123421.33,US Equity,United States,2025-07-30,Pending Settlement
POS00297,CLI0076,SEC038,FTS,1675.03,1069363.13,680313.43,389049.7,Infrastructure,Canada,2025-07-09,Active
POS00298,CLI0077,SEC003,BNS,445.43,76972.95,118301.75,-41328.8,Canadian Equity,Canada,2025-09-20,Active
POS00299,CLI0077,SEC006,CNQ,269.67,147790.03,97048.84,50741.19,Canadian Equity,Canada,2024-11-27,Active
POS00300,CLI0077,SEC004,BMO,303.95,84375.48,107543.59,-23168.11,Canadian Equity,Canada,2024-04-23,Active
POS00301,CLI0077,SEC015,JPM,1722.73,831802.53,827737.31,4065.22,US Equity,United States,2025-11-09,Active
POS00302,CLI0077,SEC039,GOLD.ETF,211.05,25400.15,32579.79,-7179.64,Alternatives,Canada,2024-06-10,Active
POS00303,CLI0078,SEC041,GSY,1417.29,600063.77,401348.18,198715.59,Canadian Equity,Canada,2025-09-20,Active
POS00304,CLI0078,SEC032,CRT,454.24,109990.43,134695.79,-24705.36,Real Estate,Canada,2024-11-10,Active
POS00305,CLI0078,SEC042,MFC,596.09,36116.67,55418.49,-19301.82,Canadian Equity,Canada,2025-12-19,Pending Settlement
POS00306,CLI0078,SEC021,NESN,789.29,614878.99,392411.31,222467.68,International Equity,Switzerland,2024-02-03,Active
POS00307,CLI0078,SEC012,MSFT,643.25,320931.57,260747.82,60183.75,US Equity,United States,2025-10-16,Active
POS00308,CLI0079,SEC010,BCE,700.15,143295.65,114236.47,29059.18,Canadian Equity,Canada,2024-03-31,Active
POS00309,CLI0079,SEC022,SAP,1343.35,476405.76,491666.1,-15260.34,International Equity,Germany,2024-01-12,Active
POS00310,CLI0079,SEC048,XAW,506.59,17460.08,19534.11,-2074.03,International Equity,Canada,2024-04-20,Active
POS00311,CLI0079,SEC005,ENB,105.81,24624.21,23481.36,1142.85,Canadian Equity,Canada,2024-06-19,Pending Settlement
POS00312,CLI0079,SEC016,JNJ,991.23,222959.73,190772.13,32187.6,US Equity,United States,2024-04-13,Active
POS00313,CLI0080,SEC042,MFC,156.68,61741.89,66377.48,-4635.59,Canadian Equity,Canada,2024-11-22,Active
POS00314,CLI0080,SEC049,VEA,218.4,56821.95,38045.28,18776.67,International Equity,United States,2024-06-13,Active
POS00315,CLI0080,SEC044,POW,1098.62,364725.05,493906.59,-129181.54,Canadian Equity,Canada,2025-08-31,Closed
POS00316,CLI0080,SEC015,JPM,1787.52,670083.87,632299.45,37784.42,US Equity,United States,2025-10-31,Active
POS00317,CLI0080,SEC011,AAPL,1780.61,109975.02,147381.09,-37406.07,US Equity,United States,2024-07-29,Closed
POS00318,CLI0080,SEC029,CORP.BOND.A,824.47,352144.98,230266.23,121878.75,Fixed Income,Canada,2025-07-07,Active
POS00319,CLI0081,SEC020,PG,791.88,244954.1,219414.11,25539.99,US Equity,United States,2024-02-25,Active
POS00320,CLI0081,SEC016,JNJ,860.94,166041.76,129829.75,36212.01,US Equity,United States,2025-09-06,Active
POS00321,CLI0081,SEC007,SU,203.0,27399.89,21810.32,5589.57,Canadian Equity,Canada,2024-03-24,Active
POS00322,CLI0081,SEC004,BMO,239.86,103580.37,94387.31,9193.06,Canadian Equity,Canada,2025-11-07,Active
POS00323,CLI0082,SEC025,ASML,897.09,132548.62,121403.19,11145.43,International Equity,Netherlands,2024-08-19,Active
POS00324,CLI0082,SEC012,MSFT,1132.85,118589.66,90412.76,28176.9,US Equity,United States,2024-04-09,Active
POS00325,CLI0082,SEC024,NOVO,694.14,297948.43,189514.1,108434.33,International Equity,Denmark,2025-08-26,Active
POS00326,CLI0082,SEC050,ZRE,131.36,29610.59,25828.0,3782.59,Real Estate,Canada,2025-07-02,Active
POS00327,CLI0082,SEC048,XAW,1873.36,472273.77,540445.63,-68171.86,International Equity,Canada,2024-11-02,Active
POS00328,CLI0082,SEC049,VEA,1806.53,730051.96,647785.53,82266.43,International Equity,United States,2025-06-13,Active
POS00329,CLI0083,SEC010,BCE,1618.84,114908.22,109206.95,5701.27,Canadian Equity,Canada,2025-11-30,Active
POS00330,CLI0083,SEC008,CP,1994.57,907627.49,629246.94,278380.55,Canadian Equity,Canada,2024-09-21,Active
POS00331,CLI0083,SEC029,CORP.BOND.A,1456.93,431936.11,589532.16,-157596.05,Fixed Income,Canada,2025-07-23,Active
POS00332,CLI0083,SEC012,MSFT,658.99,101353.67,93392.06,7961.61,US Equity,United States,2024-01-13,Active
POS00333,CLI0083,SEC011,AAPL,1249.89,345579.7,329558.5,16021.2,US Equity,United States,2025-02-28,Active
POS00334,CLI0083,SEC014,AMZN,1137.52,522900.34,333782.49,189117.85,US Equity,United States,2024-04-12,Pending Settlement
POS00335,CLI0084,SEC050,ZRE,535.63,210384.26,176286.55,34097.71,Real Estate,Canada,2025-04-29,Active
POS00336,CLI0084,SEC007,SU,558.07,52236.93,42530.51,9706.42,Canadian Equity,Canada,2025-12-11,Active
POS00337,CLI0084,SEC019,UNH,797.63,458429.25,351021.01,107408.24,US Equity,United States,2024-02-20,Active
POS00338,CLI0084,SEC035,AQN,1842.46,553659.99,827319.81,-273659.82,Infrastructure,Canada,2024-11-06,Active
POS00339,CLI0084,SEC023,SHEL,1687.26,943247.44,725234.97,218012.47,International Equity,United Kingdom,2024-08-21,Active
POS00340,CLI0084,SEC027,CAN.GOV.10Y,1948.7,627136.38,437171.36,189965.02,Fixed Income,Canada,2024-10-02,Active
POS00341,CLI0085,SEC042,MFC,1484.48,833469.25,565512.66,267956.59,Canadian Equity,Canada,2024-02-27,Active
POS00342,CLI0085,SEC006,CNQ,326.36,58716.32,51894.5,6821.82,Canadian Equity,Canada,2024-05-18,Active
POS00343,CLI0085,SEC013,NVDA,1053.33,245956.57,301768.51,-55811.94,US Equity,United States,2024-07-24,Active
POS00344,CLI0085,SEC029,CORP.BOND.A,506.49,178041.66,116968.8,61072.86,Fixed Income,Canada,2025-12-22,Active
POS00345,CLI0085,SEC014,AMZN,743.02,179180.52,174453.67,4726.85,US Equity,United States,2024-05-06,Active
POS00346,CLI0085,SEC027,CAN.GOV.10Y,491.46,130322.65,121366.05,8956.6,Fixed Income,Canada,2025-04-30,Active
POS00347,CLI0086,SEC023,SHEL,1663.43,55938.02,82739.01,-26800.99,International Equity,United Kingdom,2024-02-20,Active
POS00348,CLI0086,SEC011,AAPL,1148.79,811842.65,554440.52,257402.13,US Equity,United States,2025-10-24,Active
POS00349,CLI0086,SEC017,XOM,421.39,157016.29,138022.08,18994.21,US Equity,United States,2025-11-29,Active
POS00350,CLI0086,SEC048,XAW,1823.92,724829.57,593594.76,131234.81,International Equity,Canada,2024-01-09,Active
POS00351,CLI0087,SEC020,PG,1792.01,830136.03,764363.95,65772.08,US Equity,United States,2024-08-11,Active
POS00352,CLI0087,SEC046,BAM,1357.62,576043.08,560737.79,15305.29,Canadian Equity,Canada,2024-04-14,Active
POS00353,CLI0087,SEC049,VEA,1998.86,1398586.8,966268.91,432317.89,International Equity,United States,2025-07-28,Active
POS00354,CLI0087,SEC042,MFC,1222.01,140500.38,186662.03,-46161.65,Canadian Equity,Canada,2024-03-06,Active
POS00355,CLI0087,SEC018,V,560.2,84875.89,92959.59,-8083.7,US Equity,United States,2025-11-02,Active
POS00356,CLI0087,SEC028,PROV.ON.5Y,1785.82,216375.27,273051.88,-56676.61,Fixed Income,Canada,2024-09-03,Pending Settlement
POS00357,CLI0088,SEC026,CAN.GOV.2Y,1314.25,587610.26,655482.19,-67871.93,Fixed Income,Canada,2025-03-04,Active
POS00358,CLI0088,SEC043,SLF,1476.1,691252.77,433382.96,257869.81,Canadian Equity,Canada,2024-07-13,Active
POS00359,CLI0088,SEC021,NESN,1429.6,619185.57,492826.01,126359.56,International Equity,Switzerland,2025-05-02,Pending Settlement
POS00360,CLI0088,SEC044,POW,1347.02,501334.36,344998.76,156335.6,Canadian Equity,Canada,2025-11-04,Pending Settlement
POS00361,CLI0088,SEC009,TRI,370.46,15237.45,19749.22,-4511.77,Canadian Equity,Canada,2024-09-21,Active
POS00362,CLI0088,SEC002,TD,1122.47,794449.9,512688.17,281761.73,Canadian Equity,Canada,2024-12-09,Active
POS00363,CLI0089,SEC023,SHEL,1744.15,554808.56,371730.69,183077.87,International Equity,United Kingdom,2025-01-15,Active
POS00364,CLI0089,SEC015,JPM,595.16,278362.35,253746.47,24615.88,US Equity,United States,2025-10-11,Active
POS00365,CLI0089,SEC048,XAW,1889.16,113674.4,76038.69,37635.71,International Equity,Canada,2025-05-27,Active
POS00366,CLI0090,SEC034,IIP,283.36,30655.0,29511.94,1143.06,Real Estate,Canada,2025-08-06,Pending Settlement
POS00367,CLI0090,SEC020,PG,1973.43,220072.8,149783.34,70289.46,US Equity,United States,2024-07-03,Active
POS00368,CLI0090,SEC027,CAN.GOV.10Y,980.29,254478.48,311104.83,-56626.35,Fixed Income,Canada,2025-10-11,Active
POS00369,CLI0090,SEC004,BMO,909.59,136849.41,98817.86,38031.55,Canadian Equity,Canada,2025-08-13,Active
POS00370,CLI0090,SEC010,BCE,984.26,276539.49,376942.05,-100402.56,Canadian Equity,Canada,2025-09-21,Active
POS00371,CLI0091,SEC026,CAN.GOV.2Y,85.07,8861.84,8822.61,39.23,Fixed Income,Canada,2024-01-15,Pending Settlement
POS00372,CLI0091,SEC028,PROV.ON.5Y,1516.13,270884.01,406110.58,-135226.57,Fixed Income,Canada,2024-01-05,Active
POS00373,CLI0091,SEC031,REI,505.16,171918.78,175942.18,-4023.4,Real Estate,Canada,2024-05-12,Active
POS00374,CLI0091,SEC025,ASML,1011.64,112750.22,158352.01,-45601.79,International Equity,Netherlands,2024-02-16,Active
POS00375,CLI0091,SEC001,RY,588.75,261629.85,215058.6,46571.25,Canadian Equity,Canada,2024-12-11,Active
POS00376,CLI0092,SEC022,SAP,1502.73,196753.07,130166.47,66586.6,International Equity,Germany,2025-02-17,Active
POS00377,CLI0092,SEC032,CRT,456.4,191209.99,224786.13,-33576.14,Real Estate,Canada,2024-01-23,Active
POS00378,CLI0092,SEC023,SHEL,346.28,81872.29,64567.37,17304.92,International Equity,United Kingdom,2024-02-08,Active
POS00379,CLI0093,SEC050,ZRE,1191.91,25784.37,34255.49,-8471.12,Real Estate,Canada,2024-01-21,Active
POS00380,CLI0093,SEC035,AQN,240.42,41501.87,54080.07,-12578.2,Infrastructure,Canada,2024-09-15,Active
POS00381,CLI0093,SEC040,HBF,314.72,137211.5,109875.05,27336.45,Alternatives,Canada,2024-11-04,Active
POS00382,CLI0093,SEC004,BMO,210.95,68769.12,55384.92,13384.2,Canadian Equity,Canada,2025-12-18,Active
POS00383,CLI0094,SEC033,AP,1239.22,250653.28,179612.55,71040.73,Real Estate,Canada,2025-05-24,Active
POS00384,CLI0094,SEC047,CASH.ETF,407.5,63182.85,55085.85,8097.0,Cash,Canada,2024-07-25,Active
POS00385,CLI0095,SEC019,UNH,1821.61,696798.58,629657.71,67140.87,US Equity,United States,2024-08-28,Active
POS00386,CLI0095,SEC011,AAPL,1346.55,882267.26,611212.51,271054.75,US Equity,United States,2025-11-16,Active
POS00387,CLI0095,SEC003,BNS,1899.4,535503.33,742418.48,-206915.15,Canadian Equity,Canada,2024-04-13,Pending Settlement
POS00388,CLI0095,SEC036,BIP,1292.23,471351.95,298621.43,172730.52,Infrastructure,Canada,2024-09-27,Active
POS00389,CLI0095,SEC032,CRT,208.62,13120.11,19084.56,-5964.45,Real Estate,Canada,2024-10-24,Active
POS00390,CLI0096,SEC028,PROV.ON.5Y,1703.98,500618.79,759446.85,-258828.06,Fixed Income,Canada,2024-05-21,Active
POS00391,CLI0096,SEC048,XAW,349.32,67753.94,63569.25,4184.69,International Equity,Canada,2025-09-28,Active
POS00392,CLI0096,SEC008,CP,1468.81,271472.63,278266.05,-6793.42,Canadian Equity,Canada,2024-04-26,Active
POS00393,CLI0096,SEC007,SU,1925.0,273066.89,268653.0,4413.89,Canadian Equity,Canada,2025-05-04,Active
POS00394,CLI0097,SEC008,CP,1455.56,1037556.25,714505.29,323050.96,Canadian Equity,Canada,2024-04-16,Active
POS00395,CLI0097,SEC009,TRI,1185.59,617139.52,476749.45,140390.07,Canadian Equity,Canada,2024-07-04,Active
POS00396,CLI0097,SEC045,GWO,1560.54,705412.89,480053.31,225359.58,Canadian Equity,Canada,2024-05-13,Active
POS00397,CLI0098,SEC008,CP,530.61,112393.82,85189.44,27204.38,Canadian Equity,Canada,2025-11-25,Active
POS00398,CLI0098,SEC027,CAN.GOV.10Y,1489.81,466942.44,541203.28,-74260.84,Fixed Income,Canada,2025-11-16,Pending Settlement
POS00399,CLI0098,SEC029,CORP.BOND.A,1043.01,446115.43,360547.7,85567.73,Fixed Income,Canada,2025-03-19,Active
POS00400,CLI0098,SEC003,BNS,504.67,114898.47,88897.62,26000.85,Canadian Equity,Canada,2025-01-29,Active
POS00401,CLI0098,SEC005,ENB,1654.61,910522.06,738899.19,171622.87,Canadian Equity,Canada,2024-01-12,Active
POS00402,CLI0099,SEC033,AP,1740.14,81758.35,73190.29,8568.06,Real Estate,Canada,2024-09-03,Active
POS00403,CLI0099,SEC031,REI,563.53,169170.81,144224.23,24946.58,Real Estate,Canada,2025-01-22,Active
POS00404,CLI0099,SEC032,CRT,477.65,156550.16,110934.21,45615.95,Real Estate,Canada,2025-04-03,Active
POS00405,CLI0100,SEC029,CORP.BOND.A,1310.21,76173.62,73122.82,3050.8,Fixed Income,Canada,2025-07-24,Active
POS00406,CLI0100,SEC021,NESN,1653.56,1027192.27,656347.57,370844.7,International Equity,Switzerland,2025-10-14,Active
POS00407,CLI0100,SEC008,CP,1021.59,141293.71,109708.55,31585.16,Canadian Equity,Canada,2024-12-15,Active
POS00408,CLI0100,SEC032,CRT,118.01,14723.81,13611.27,1112.54,Real Estate,Canada,2025-07-27,Active
POS00409,CLI0100,SEC048,XAW,1203.9,430993.74,433103.03,-2109.29,International Equity,Canada,2025-04-08,Active
POS00410,CLI0101,SEC001,RY,1661.47,743276.8,801476.51,-58199.71,Canadian Equity,Canada,2025-06-18,Active
POS00411,CLI0101,SEC022,SAP,221.58,111196.99,99478.34,11718.65,International Equity,Germany,2025-02-23,Active
POS00412,CLI0101,SEC023,SHEL,1225.6,183891.97,119900.45,63991.52,International Equity,United Kingdom,2025-02-06,Active
POS00413,CLI0102,SEC046,BAM,1516.73,53190.54,42498.77,10691.77,Canadian Equity,Canada,2025-11-19,Active
POS00414,CLI0102,SEC022,SAP,1546.57,449776.15,352617.96,97158.19,International Equity,Germany,2025-05-31,Active
POS00415,CLI0102,SEC007,SU,1002.67,186736.41,268244.31,-81507.9,Canadian Equity,Canada,2025-03-19,Active
POS00416,CLI0103,SEC033,AP,355.56,108712.16,145264.04,-36551.88,Real Estate,Canada,2025-11-04,Active
POS00417,CLI0103,SEC050,ZRE,1766.56,456580.28,449642.52,6937.76,Real Estate,Canada,2025-09-15,Pending Settlement
POS00418,CLI0103,SEC012,MSFT,1527.13,335710.63,214454.87,121255.76,US Equity,United States,2024-10-28,Active
POS00419,CLI0103,SEC045,GWO,275.41,75805.36,57646.07,18159.29,Canadian Equity,Canada,2025-06-08,Active
POS00420,CLI0103,SEC038,FTS,1405.97,803783.59,606043.37,197740.22,Infrastructure,Canada,2025-07-20,Active
POS00421,CLI0104,SEC014,AMZN,588.25,133366.74,103484.94,29881.8,US Equity,United States,2025-12-28,Active
POS00422,CLI0104,SEC040,HBF,1917.07,638768.89,487760.12,151008.77,Alternatives,Canada,2024-11-26,Active
POS00423,CLI0104,SEC046,BAM,1523.94,519716.38,431777.92,87938.46,Canadian Equity,Canada,2025-11-14,Active
POS00424,CLI0105,SEC019,UNH,767.93,16899.86,24013.17,-7113.31,US Equity,United States,2024-09-30,Active
POS00425,CLI0105,SEC028,PROV.ON.5Y,330.26,43074.3,48505.29,-5430.99,Fixed Income,Canada,2024-03-04,Active
POS00426,CLI0105,SEC001,RY,597.33,153705.94,225808.66,-72102.72,Canadian Equity,Canada,2025-04-08,Active
POS00427,CLI0105,SEC034,IIP,1737.39,948679.16,644658.56,304020.6,Real Estate,Canada,2025-10-24,Active
POS00428,CLI0105,SEC007,SU,482.81,267483.57,189855.38,77628.19,Canadian Equity,Canada,2024-10-21,Active
POS00429,CLI0105,SEC002,TD,103.49,20982.36,20064.64,917.72,Canadian Equity,Canada,2025-12-02,Active
POS00430,CLI0106,SEC004,BMO,1739.01,802512.81,749374.19,53138.62,Canadian Equity,Canada,2024-08-18,Pending Settlement
POS00431,CLI0106,SEC001,RY,1412.21,628691.27,459787.33,168903.94,Canadian Equity,Canada,2025-07-13,Active
POS00432,CLI0106,SEC048,XAW,400.97,121642.18,145884.92,-24242.74,International Equity,Canada,2025-04-04,Active
POS00433,CLI0106,SEC017,XOM,1368.49,108813.47,133496.2,-24682.73,US Equity,United States,2025-06-10,Active
POS00434,CLI0106,SEC013,NVDA,90.86,11720.13,13007.52,-1287.39,US Equity,United States,2024-06-13,Active
POS00435,CLI0106,SEC040,HBF,517.48,115553.62,87262.65,28290.97,Alternatives,Canada,2024-06-07,Active
POS00436,CLI0107,SEC039,GOLD.ETF,1235.06,458496.29,410830.36,47665.93,Alternatives,Canada,2025-08-09,Active
POS00437,CLI0107,SEC004,BMO,155.03,63296.3,55082.16,8214.14,Canadian Equity,Canada,2024-07-07,Active
POS00438,CLI0107,SEC050,ZRE,1574.65,154015.8,132097.39,21918.41,Real Estate,Canada,2025-02-17,Active
POS00439,CLI0107,SEC041,GSY,450.18,48066.01,49794.41,-1728.4,Canadian Equity,Canada,2025-01-04,Active
POS00440,CLI0108,SEC034,IIP,1341.19,456684.29,302585.88,154098.41,Real Estate,Canada,2025-09-20,Pending Settlement
POS00441,CLI0108,SEC031,REI,495.22,18271.97,12251.74,6020.23,Real Estate,Canada,2025-01-25,Pending Settlement
POS00442,CLI0108,SEC036,BIP,1890.53,431048.07,370562.79,60485.28,Infrastructure,Canada,2024-10-16,Active
POS00443,CLI0108,SEC042,MFC,1038.57,456909.71,401293.06,55616.65,Canadian Equity,Canada,2025-06-04,Active
POS00444,CLI0108,SEC001,RY,97.26,36424.6,43732.96,-7308.36,Canadian Equity,Canada,2025-06-10,Active
POS00445,CLI0108,SEC008,CP,200.95,135216.39,97653.66,37562.73,Canadian Equity,Canada,2025-06-30,Active
POS00446,CLI0109,SEC014,AMZN,1262.73,181582.38,139556.92,42025.46,US Equity,United States,2024-04-16,Active
POS00447,CLI0109,SEC043,SLF,1659.21,988557.26,729936.26,258621.0,Canadian Equity,Canada,2025-03-21,Active
POS00448,CLI0110,SEC048,XAW,315.97,70846.45,73406.15,-2559.7,International Equity,Canada,2024-03-30,Active
POS00449,CLI0110,SEC044,POW,364.2,33862.35,47233.1,-13370.75,Canadian Equity,Canada,2024-08-21,Pending Settlement
POS00450,CLI0111,SEC025,ASML,639.64,96458.25,126520.79,-30062.54,International Equity,Netherlands,2024-01-07,Active
POS00451,CLI0111,SEC029,CORP.BOND.A,1240.52,567462.76,470405.18,97057.58,Fixed Income,Canada,2025-12-18,Active
POS00452,CLI0111,SEC041,GSY,721.82,169588.03,183270.1,-13682.07,Canadian Equity,Canada,2025-12-03,Active
POS00453,CLI0111,SEC026,CAN.GOV.2Y,182.15,74510.6,69910.99,4599.61,Fixed Income,Canada,2025-02-08,Active
POS00454,CLI0111,SEC028,PROV.ON.5Y,71.33,5046.88,5876.17,-829.29,Fixed Income,Canada,2025-02-04,Active
POS00455,CLI0112,SEC019,UNH,752.53,420300.06,357444.22,62855.84,US Equity,United States,2025-07-22,Active
POS00456,CLI0112,SEC041,GSY,93.13,27522.98,26868.0,654.98,Canadian Equity,Canada,2025-07-14,Pending Settlement
POS00457,CLI0112,SEC010,BCE,616.34,349006.73,231380.2,117626.53,Canadian Equity,Canada,2024-12-18,Active
POS00458,CLI0112,SEC020,PG,1812.2,606943.28,772848.93,-165905.65,US Equity,United States,2024-07-07,Active
POS00459,CLI0112,SEC044,POW,1671.15,139052.27,169103.67,-30051.4,Canadian Equity,Canada,2025-08-03,Pending Settlement
POS00460,CLI0112,SEC042,MFC,1704.26,1267818.75,795071.38,472747.37,Canadian Equity,Canada,2025-04-17,Active
POS00461,CLI0113,SEC019,UNH,144.05,10342.85,7722.52,2620.33,US Equity,United States,2025-05-13,Closed
POS00462,CLI0113,SEC043,SLF,720.71,212168.96,243088.28,-30919.32,Canadian Equity,Canada,2024-10-18,Active
POS00463,CLI0114,SEC021,NESN,663.41,287750.45,219860.71,67889.74,International Equity,Switzerland,2024-06-05,Active
POS00464,CLI0114,SEC032,CRT,735.34,125575.94,118816.24,6759.7,Real Estate,Canada,2024-01-05,Active
POS00465,CLI0114,SEC029,CORP.BOND.A,1573.46,708167.37,562574.89,145592.48,Fixed Income,Canada,2024-10-10,Active
POS00466,CLI0115,SEC044,POW,1756.99,407546.56,411328.93,-3782.37,Canadian Equity,Canada,2024-11-08,Active
POS00467,CLI0115,SEC047,CASH.ETF,226.58,53525.41,73536.54,-20011.13,Cash,Canada,2024-10-14,Pending Settlement
POS00468,CLI0115,SEC022,SAP,288.6,70556.29,78389.53,-7833.24,International Equity,Germany,2025-10-03,Active
POS00469,CLI0116,SEC002,TD,1266.94,619145.94,515973.98,103171.96,Canadian Equity,Canada,2025-08-27,Active
POS00470,CLI0116,SEC033,AP,82.95,16666.27,11116.13,5550.14,Real Estate,Canada,2025-07-06,Active
POS00471,CLI0117,SEC024,NOVO,1783.96,775450.35,529568.53,245881.82,International Equity,Denmark,2024-05-17,Active
POS00472,CLI0117,SEC026,CAN.GOV.2Y,1025.72,232839.4,206590.27,26249.13,Fixed Income,Canada,2025-11-09,Active
POS00473,CLI0117,SEC015,JPM,1928.36,1230878.37,946863.33,284015.04,US Equity,United States,2025-06-10,Active
POS00474,CLI0118,SEC012,MSFT,1745.67,181713.65,135062.49,46651.16,US Equity,United States,2025-01-02,Active
POS00475,CLI0118,SEC037,TRP,1525.33,164559.3,182612.51,-18053.21,Infrastructure,Canada,2024-08-27,Active
POS00476,CLI0118,SEC043,SLF,421.48,190182.53,191486.79,-1304.26,Canadian Equity,Canada,2025-04-25,Pending Settlement
POS00477,CLI0119,SEC003,BNS,654.9,265033.62,231408.92,33624.7,Canadian Equity,Canada,2024-10-07,Active
POS00478,CLI0119,SEC042,MFC,534.0,119466.44,146556.3,-27089.86,Canadian Equity,Canada,2025-10-31,Active
POS00479,CLI0120,SEC042,MFC,1037.58,274863.48,186432.37,88431.11,Canadian Equity,Canada,2025-05-13,Active
POS00480,CLI0120,SEC005,ENB,1775.47,21847.52,14683.14,7164.38,Canadian Equity,Canada,2025-03-26,Active
POS00481,CLI0120,SEC034,IIP,163.41,44986.2,52866.4,-7880.2,Real Estate,Canada,2024-07-10,Active
POS00482,CLI0120,SEC017,XOM,1208.02,632063.36,494551.31,137512.05,US Equity,United States,2025-02-28,Active
POS00483,CLI0120,SEC025,ASML,1443.31,388064.3,351229.49,36834.81,International Equity,Netherlands,2024-08-03,Active
POS00484,CLI0120,SEC015,JPM,1298.05,238454.18,270513.62,-32059.44,US Equity,United States,2024-05-10,Active
POS00485,CLI0121,SEC009,TRI,87.99,17834.46,25364.88,-7530.42,Canadian Equity,Canada,2024-09-21,Pending Settlement
POS00486,CLI0121,SEC041,GSY,1038.11,335423.47,213539.23,121884.24,Canadian Equity,Canada,2025-10-14,Active
POS00487,CLI0121,SEC033,AP,1441.9,440812.45,479518.26,-38705.81,Real Estate,Canada,2024-03-28,Active
POS00488,CLI0122,SEC031,REI,294.0,118966.02,86262.54,32703.48,Real Estate,Canada,2025-09-30,Active
POS00489,CLI0122,SEC050,ZRE,536.4,190196.01,194965.31,-4769.3,Real Estate,Canada,2025-04-09,Active
POS00490,CLI0122,SEC011,AAPL,147.0,21914.55,28254.87,-6340.32,US Equity,United States,2024-01-17,Active
POS00491,CLI0122,SEC015,JPM,1720.59,459550.23,438165.45,21384.78,US Equity,United States,2024-06-02,Active
POS00492,CLI0122,SEC027,CAN.GOV.10Y,363.07,199872.27,163853.49,36018.78,Fixed Income,Canada,2025-06-28,Active
POS00493,CLI0122,SEC039,GOLD.ETF,243.86,45988.54,59431.12,-13442.58,Alternatives,Canada,2025-09-09,Active
POS00494,CLI0123,SEC050,ZRE,1301.97,343589.32,342951.92,637.4,Real Estate,Canada,2024-02-14,Active
POS00495,CLI0123,SEC044,POW,863.62,449286.45,405486.86,43799.59,Canadian Equity,Canada,2025-01-25,Active
POS00496,CLI0124,SEC007,SU,1821.07,103149.74,84661.54,18488.2,Canadian Equity,Canada,2025-07-10,Active
POS00497,CLI0124,SEC028,PROV.ON.5Y,386.15,192466.68,137480.98,54985.7,Fixed Income,Canada,2025-08-14,Active
POS00498,CLI0124,SEC009,TRI,1044.33,168261.37,199091.07,-30829.7,Canadian Equity,Canada,2024-11-19,Active
POS00499,CLI0124,SEC017,XOM,222.1,57836.93,47953.61,9883.32,US Equity,United States,2024-09-24,Pending Settlement
POS00500,CLI0124,SEC031,REI,852.89,144635.16,158629.01,-13993.85,Real Estate,Canada,2025-11-27,Active
POS00501,CLI0124,SEC015,JPM,415.35,136357.08,115587.75,20769.33,US Equity,United States,2024-07-02,Active
POS00502,CLI0125,SEC031,REI,1474.21,805722.4,631286.21,174436.19,Real Estate,Canada,2024-08-23,Active
POS00503,CLI0125,SEC017,XOM,1401.63,101820.48,119264.7,-17444.22,US Equity,United States,2025-02-14,Active
POS00504,CLI0125,SEC020,PG,1603.7,644247.79,495447.08,148800.71,US Equity,United States,2024-02-23,Active
POS00505,CLI0125,SEC037,TRP,1929.49,10829.05,14702.71,-3873.66,Infrastructure,Canada,2024-05-28,Active
POS00506,CLI0125,SEC023,SHEL,1204.49,52713.25,58574.35,-5861.1,International Equity,United Kingdom,2025-01-14,Active
POS00507,CLI0125,SEC026,CAN.GOV.2Y,85.13,26347.69,16620.78,9726.91,Fixed Income,Canada,2025-09-20,Active
POS00508,CLI0126,SEC046,BAM,1642.26,564145.09,528709.18,35435.91,Canadian Equity,Canada,2024-07-25,Pending Settlement
POS00509,CLI0126,SEC039,GOLD.ETF,1862.21,406607.12,486949.29,-80342.17,Alternatives,Canada,2025-09-05,Active
POS00510,CLI0126,SEC004,BMO,1399.91,559097.21,433300.14,125797.07,Canadian Equity,Canada,2025-01-03,Active
POS00511,CLI0126,SEC050,ZRE,10.57,1400.04,876.68,523.36,Real Estate,Canada,2025-02-13,Active
POS00512,CLI0127,SEC026,CAN.GOV.2Y,1476.48,42328.58,57538.43,-15209.85,Fixed Income,Canada,2024-10-18,Active
POS00513,CLI0127,SEC038,FTS,1122.64,322993.35,329550.97,-6557.62,Infrastructure,Canada,2024-10-10,Active
POS00514,CLI0127,SEC013,NVDA,1926.48,458267.6,443302.31,14965.29,US Equity,United States,2024-01-05,Active
POS00515,CLI0127,SEC034,IIP,820.2,34016.02,47325.54,-13309.52,Real Estate,Canada,2024-10-28,Active
POS00516,CLI0127,SEC001,RY,242.85,56299.2,62917.58,-6618.38,Canadian Equity,Canada,2025-07-04,Active
POS00517,CLI0128,SEC017,XOM,1542.23,915975.16,585970.29,330004.87,US Equity,United States,2025-04-14,Active
POS00518,CLI0128,SEC045,GWO,1794.08,858051.4,774504.34,83547.06,Canadian Equity,Canada,2024-09-21,Active
POS00519,CLI0128,SEC029,CORP.BOND.A,1270.99,817021.05,631847.26,185173.79,Fixed Income,Canada,2024-08-23,Active
POS00520,CLI0128,SEC025,ASML,830.73,173075.56,149348.64,23726.92,International Equity,Netherlands,2025-12-18,Active
POS00521,CLI0128,SEC037,TRP,504.03,33186.48,25725.69,7460.79,Infrastructure,Canada,2024-12-16,Active
POS00522,CLI0128,SEC031,REI,1863.48,442546.81,448893.7,-6346.89,Real Estate,Canada,2025-08-10,Active
POS00523,CLI0129,SEC032,CRT,477.37,53754.01,59585.32,-5831.31,Real Estate,Canada,2024-08-22,Active
POS00524,CLI0129,SEC048,XAW,506.89,125914.78,157749.24,-31834.46,International Equity,Canada,2024-04-19,Active
POS00525,CLI0129,SEC013,NVDA,166.19,88835.55,79457.1,9378.45,US Equity,United States,2024-01-07,Active
POS00526,CLI0130,SEC003,BNS,1797.26,947969.3,792753.41,155215.89,Canadian Equity,Canada,2024-10-08,Active
POS00527,CLI0130,SEC031,REI,1968.95,827015.77,902606.06,-75590.29,Real Estate,Canada,2024-08-15,Active
POS00528,CLI0130,SEC024,NOVO,265.21,74003.4,70344.3,3659.1,International Equity,Denmark,2025-07-07,Active
POS00529,CLI0130,SEC040,HBF,701.11,419057.07,302108.3,116948.77,Alternatives,Canada,2025-04-13,Closed
POS00530,CLI0130,SEC021,NESN,1399.51,424967.47,325707.96,99259.51,International Equity,Switzerland,2024-01-13,Active
POS00531,CLI0130,SEC032,CRT,765.06,41706.91,41978.84,-271.93,Real Estate,Canada,2024-09-22,Active
POS00532,CLI0131,SEC016,JNJ,692.76,70041.98,66532.67,3509.31,US Equity,United States,2025-03-05,Active
POS00533,CLI0131,SEC018,V,750.9,294200.1,321302.6,-27102.5,US Equity,United States,2024-07-03,Active
POS00534,CLI0131,SEC031,REI,1958.75,960773.0,674946.07,285826.93,Real Estate,Canada,2024-10-03,Active
POS00535,CLI0131,SEC040,HBF,1115.13,399937.86,478245.8,-78307.94,Alternatives,Canada,2024-06-02,Active
POS00536,CLI0132,SEC012,MSFT,1004.2,728301.06,499890.76,228410.3,US Equity,United States,2025-06-13,Active
POS00537,CLI0132,SEC027,CAN.GOV.10Y,638.3,139434.09,156945.2,-17511.11,Fixed Income,Canada,2025-08-04,Active
POS00538,CLI0133,SEC045,GWO,129.47,58226.57,52803.04,5423.53,Canadian Equity,Canada,2025-10-06,Active
POS00539,CLI0133,SEC011,AAPL,1491.74,197745.34,199281.55,-1536.21,US Equity,United States,2025-07-24,Pending Settlement
POS00540,CLI0134,SEC023,SHEL,708.67,296439.65,241932.85,54506.8,International Equity,United Kingdom,2025-08-13,Active
POS00541,CLI0134,SEC002,TD,1301.77,165538.59,118981.78,46556.81,Canadian Equity,Canada,2024-12-29,Active
POS00542,CLI0134,SEC027,CAN.GOV.10Y,1025.78,428238.26,398515.53,29722.73,Fixed Income,Canada,2024-03-21,Active
POS00543,CLI0134,SEC008,CP,580.18,145174.04,184323.19,-39149.15,Canadian Equity,Canada,2024-06-20,Active
POS00544,CLI0135,SEC027,CAN.GOV.10Y,815.5,268479.7,370237.0,-101757.3,Fixed Income,Canada,2024-12-17,Active
POS00545,CLI0135,SEC041,GSY,640.59,86421.75,95588.84,-9167.09,Canadian Equity,Canada,2025-10-22,Active
POS00546,CLI0135,SEC040,HBF,1776.51,1072568.48,695645.79,376922.69,Alternatives,Canada,2025-08-24,Active
POS00547,CLI0135,SEC037,TRP,906.07,116293.22,79571.07,36722.15,Infrastructure,Canada,2024-05-08,Active
POS00548,CLI0136,SEC048,XAW,342.15,13613.0,19156.98,-5543.98,International Equity,Canada,2025-04-29,Active
POS00549,CLI0136,SEC045,GWO,62.47,17331.79,12588.95,4742.84,Canadian Equity,Canada,2024-03-26,Active
POS00550,CLI0136,SEC006,CNQ,1240.02,88947.89,57946.13,31001.76,Canadian Equity,Canada,2025-02-03,Active
POS00551,CLI0136,SEC014,AMZN,502.32,91111.79,73172.95,17938.84,US Equity,United States,2024-05-14,Active
POS00552,CLI0137,SEC002,TD,720.11,485224.22,329853.59,155370.63,Canadian Equity,Canada,2025-04-23,Closed
POS00553,CLI0137,SEC003,BNS,1085.76,162867.79,151843.54,11024.25,Canadian Equity,Canada,2025-12-15,Active
POS00554,CLI0137,SEC043,SLF,1185.75,372900.63,273896.39,99004.24,Canadian Equity,Canada,2025-07-31,Active
POS00555,CLI0138,SEC020,PG,889.3,148390.12,165463.16,-17073.04,US Equity,United States,2024-11-06,Active
POS00556,CLI0138,SEC023,SHEL,1051.4,311724.41,399910.5,-88186.09,International Equity,United Kingdom,2024-10-20,Active
POS00557,CLI0138,SEC031,REI,26.55,18984.22,12250.97,6733.25,Real Estate,Canada,2025-05-03,Active
POS00558,CLI0138,SEC035,AQN,1534.08,746865.71,613616.66,133249.05,Infrastructure,Canada,2024-01-08,Active
POS00559,CLI0138,SEC015,JPM,385.26,181260.75,170157.78,11102.97,US Equity,United States,2024-09-12,Active
POS00560,CLI0138,SEC006,CNQ,1476.86,295044.58,292285.36,2759.22,Canadian Equity,Canada,2024-09-26,Active
POS00561,CLI0139,SEC034,IIP,1617.07,511867.9,556110.37,-44242.47,Real Estate,Canada,2025-06-28,Active
POS00562,CLI0139,SEC049,VEA,831.68,292693.49,355518.25,-62824.76,International Equity,United States,2024-10-23,Active
POS00563,CLI0139,SEC040,HBF,916.13,276117.62,209903.71,66213.91,Alternatives,Canada,2025-05-18,Active
POS00564,CLI0140,SEC010,BCE,1939.74,48688.96,30938.85,17750.11,Canadian Equity,Canada,2024-10-15,Active
POS00565,CLI0140,SEC004,BMO,1433.24,455637.52,523017.94,-67380.42,Canadian Equity,Canada,2024-06-03,Active
POS00566,CLI0141,SEC022,SAP,1573.59,397208.17,396088.34,1119.83,International Equity,Germany,2025-12-14,Active
POS00567,CLI0141,SEC027,CAN.GOV.10Y,667.19,438133.25,281927.81,156205.44,Fixed Income,Canada,2024-02-27,Active
POS00568,CLI0141,SEC020,PG,790.92,178172.72,216617.17,-38444.45,US Equity,United States,2024-09-13,Active
POS00569,CLI0142,SEC008,CP,1432.22,441273.32,279956.04,161317.28,Canadian Equity,Canada,2024-09-10,Active
POS00570,CLI0142,SEC050,ZRE,76.69,24714.28,17877.21,6837.07,Real Estate,Canada,2025-06-17,Active
POS00571,CLI0143,SEC031,REI,1922.82,721178.52,900706.57,-179528.05,Real Estate,Canada,2024-02-13,Active
POS00572,CLI0143,SEC025,ASML,1103.66,79988.0,72245.58,7742.42,International Equity,Netherlands,2024-11-01,Active
POS00573,CLI0143,SEC044,POW,1776.16,658275.65,768206.96,-109931.31,Canadian Equity,Canada,2024-04-25,Active
POS00574,CLI0144,SEC021,NESN,248.1,64633.96,98155.8,-33521.84,International Equity,Switzerland,2024-02-13,Active
POS00575,CLI0144,SEC001,RY,1384.6,381671.24,478739.3,-97068.06,Canadian Equity,Canada,2024-04-01,Active
POS00576,CLI0144,SEC011,AAPL,1004.84,336341.0,346207.57,-9866.57,US Equity,United States,2025-10-02,Active
POS00577,CLI0144,SEC018,V,717.48,67545.5,58252.2,9293.3,US Equity,United States,2024-04-19,Active
POS00578,CLI0144,SEC038,FTS,473.02,324906.43,232219.71,92686.72,Infrastructure,Canada,2024-12-21,Active
POS00579,CLI0145,SEC047,CASH.ETF,722.75,77914.19,51813.95,26100.24,Cash,Canada,2025-05-11,Active
POS00580,CLI0145,SEC013,NVDA,1122.46,342665.14,307161.18,35503.96,US Equity,United States,2025-08-03,Active
POS00581,CLI0145,SEC002,TD,701.85,235143.69,257957.95,-22814.26,Canadian Equity,Canada,2025-09-05,Pending Settlement
POS00582,CLI0145,SEC045,GWO,1113.5,34702.73,43526.72,-8823.99,Canadian Equity,Canada,2024-10-29,Active
POS00583,CLI0145,SEC025,ASML,1087.8,346702.56,249943.81,96758.75,International Equity,Netherlands,2025-06-02,Active
POS00584,CLI0146,SEC002,TD,1554.27,255624.96,191486.06,64138.9,Canadian Equity,Canada,2025-11-05,Closed
POS00585,CLI0146,SEC040,HBF,1639.91,210882.99,162334.69,48548.3,Alternatives,Canada,2025-07-18,Active
POS00586,CLI0146,SEC024,NOVO,573.43,113933.99,119187.43,-5253.44,International Equity,Denmark,2024-04-08,Active
POS00587,CLI0147,SEC003,BNS,365.49,5626.67,7485.24,-1858.57,Canadian Equity,Canada,2024-07-15,Active
POS00588,CLI0147,SEC009,TRI,1146.31,612355.71,480269.5,132086.21,Canadian Equity,Canada,2025-06-22,Active
POS00589,CLI0148,SEC017,XOM,36.04,21145.42,16611.2,4534.22,US Equity,United States,2024-03-22,Active
POS00590,CLI0148,SEC004,BMO,1281.44,319205.05,235349.27,83855.78,Canadian Equity,Canada,2025-03-01,Active
POS00591,CLI0148,SEC024,NOVO,1590.56,66571.13,53856.36,12714.77,International Equity,Denmark,2025-06-25,Active
POS00592,CLI0148,SEC015,JPM,150.07,36093.07,23325.38,12767.69,US Equity,United States,2025-06-15,Active
POS00593,CLI0148,SEC039,GOLD.ETF,1453.09,323425.46,389675.15,-66249.69,Alternatives,Canada,2025-06-22,Active
POS00594,CLI0148,SEC005,ENB,1144.36,640349.4,542438.08,97911.32,Canadian Equity,Canada,2025-07-25,Active
POS00595,CLI0149,SEC050,ZRE,1157.36,516686.12,392194.58,124491.54,Real Estate,Canada,2025-03-13,Pending Settlement
POS00596,CLI0149,SEC041,GSY,341.95,33260.96,32245.88,1015.08,Canadian Equity,Canada,2024-12-11,Active
POS00597,CLI0150,SEC039,GOLD.ETF,1691.26,442632.58,353659.38,88973.2,Alternatives,Canada,2024-11-27,Active
POS00598,CLI0150,SEC029,CORP.BOND.A,1130.66,172699.74,125378.89,47320.85,Fixed Income,Canada,2024-09-17,Active
POS00599,CLI0150,SEC023,SHEL,910.28,284153.67,437034.53,-152880.86,International Equity,United Kingdom,2024-02-05,Closed
POS00600,CLI0150,SEC021,NESN,1195.57,497736.28,312306.8,185429.48,International Equity,Switzerland,2024-11-05,Active
POS00601,CLI0150,SEC036,BIP,1968.94,208076.42,219221.78,-11145.36,Infrastructure,Canada,2025-12-07,Active
POS00602,CLI0150,SEC047,CASH.ETF,1839.03,565807.27,474616.86,91190.41,Cash,Canada,2025-08-08,Active
POS00603,CLI0151,SEC030,HYG,320.65,65282.34,43662.91,21619.43,Fixed Income,United States,2024-09-12,Active
POS00604,CLI0151,SEC023,SHEL,1624.04,84442.0,81997.78,2444.22,International Equity,United Kingdom,2024-08-10,Active
POS00605,CLI0152,SEC031,REI,1408.67,428423.16,578484.42,-150061.26,Real Estate,Canada,2025-10-19,Active
POS00606,CLI0152,SEC012,MSFT,1464.27,307949.02,425019.01,-117069.99,US Equity,United States,2024-02-27,Pending Settlement
POS00607,CLI0152,SEC032,CRT,675.44,316153.56,297531.32,18622.24,Real Estate,Canada,2024-05-03,Pending Settlement
POS00608,CLI0152,SEC045,GWO,461.17,184945.8,151323.71,33622.09,Canadian Equity,Canada,2024-01-12,Active
POS00609,CLI0153,SEC004,BMO,1084.46,96625.75,85715.72,10910.03,Canadian Equity,Canada,2024-08-14,Active
POS00610,CLI0153,SEC020,PG,1350.53,1059085.46,673509.31,385576.15,US Equity,United States,2025-09-01,Active
POS00611,CLI0153,SEC034,IIP,189.27,57857.66,41414.17,16443.49,Real Estate,Canada,2024-05-31,Active
POS00612,CLI0153,SEC003,BNS,174.26,34955.5,50162.48,-15206.98,Canadian Equity,Canada,2025-02-12,Active
POS00613,CLI0153,SEC021,NESN,803.07,232044.54,176731.61,55312.93,International Equity,Switzerland,2024-05-18,Active
POS00614,CLI0154,SEC032,CRT,1146.95,518035.15,324334.52,193700.63,Real Estate,Canada,2025-06-20,Active
POS00615,CLI0154,SEC026,CAN.GOV.2Y,152.57,56885.02,59426.01,-2540.99,Fixed Income,Canada,2025-08-12,Active
POS00616,CLI0154,SEC042,MFC,1346.78,283562.6,289086.33,-5523.73,Canadian Equity,Canada,2024-11-24,Active
POS00617,CLI0155,SEC050,ZRE,346.82,88365.3,61772.11,26593.19,Real Estate,Canada,2025-03-28,Active
POS00618,CLI0155,SEC020,PG,886.52,357449.98,410006.63,-52556.65,US Equity,United States,2025-12-02,Active
POS00619,CLI0156,SEC008,CP,118.53,86114.84,56269.75,29845.09,Canadian Equity,Canada,2024-10-21,Active
POS00620,CLI0156,SEC048,XAW,1390.65,90030.28,83550.25,6480.03,International Equity,Canada,2024-01-24,Active
POS00621,CLI0157,SEC014,AMZN,971.22,279021.43,355767.6,-76746.17,US Equity,United States,2025-12-16,Active
POS00622,CLI0157,SEC050,ZRE,759.45,396221.55,344402.98,51818.57,Real Estate,Canada,2024-09-18,Active
POS00623,CLI0157,SEC035,AQN,575.19,281524.08,227573.92,53950.16,Infrastructure,Canada,2024-02-24,Active
POS00624,CLI0157,SEC034,IIP,1890.9,91710.8,71797.47,19913.33,Real Estate,Canada,2025-11-09,Pending Settlement
POS00625,CLI0157,SEC017,XOM,1323.6,382755.48,572880.55,-190125.07,US Equity,United States,2025-10-26,Active
POS00626,CLI0157,SEC036,BIP,1959.79,666256.06,503136.89,163119.17,Infrastructure,Canada,2024-11-19,Active
POS00627,CLI0158,SEC035,AQN,1125.77,276931.35,402654.16,-125722.81,Infrastructure,Canada,2025-06-26,Active
POS00628,CLI0158,SEC006,CNQ,984.97,245527.32,367856.75,-122329.43,Canadian Equity,Canada,2025-12-01,Active
POS00629,CLI0158,SEC012,MSFT,1254.21,241500.84,152913.28,88587.56,US Equity,United States,2025-05-28,Active
POS00630,CLI0158,SEC013,NVDA,133.4,17997.13,17682.17,314.96,US Equity,United States,2024-01-31,Pending Settlement
POS00631,CLI0158,SEC033,AP,1898.74,215902.18,221507.01,-5604.83,Real Estate,Canada,2025-02-06,Active
POS00632,CLI0158,SEC030,HYG,184.71,56047.75,35868.83,20178.92,Fixed Income,United States,2025-09-19,Pending Settlement
POS00633,CLI0159,SEC027,CAN.GOV.10Y,313.97,230782.57,152407.32,78375.25,Fixed Income,Canada,2024-12-03,Active
POS00634,CLI0159,SEC016,JNJ,272.23,107316.63,89283.27,18033.36,US Equity,United States,2025-12-01,Active
POS00635,CLI0159,SEC037,TRP,1726.55,359942.47,272708.57,87233.9,Infrastructure,Canada,2025-06-20,Pending Settlement
POS00636,CLI0160,SEC050,ZRE,641.82,279636.51,180274.4,99362.11,Real Estate,Canada,2024-05-01,Active
POS00637,CLI0160,SEC010,BCE,1680.65,87775.39,129460.47,-41685.08,Canadian Equity,Canada,2024-11-22,Pending Settlement
POS00638,CLI0160,SEC042,MFC,833.94,186258.9,173934.87,12324.03,Canadian Equity,Canada,2025-10-14,Pending Settlement
POS00639,CLI0160,SEC037,TRP,554.85,162878.86,216757.7,-53878.84,Infrastructure,Canada,2024-07-08,Active
POS00640,CLI0160,SEC011,AAPL,1972.05,750026.63,612104.6,137922.03,US Equity,United States,2025-09-19,Active
POS00641,CLI0161,SEC015,JPM,724.93,276307.89,250557.56,25750.33,US Equity,United States,2025-05-29,Active
POS00642,CLI0161,SEC044,POW,942.84,253928.4,307874.97,-53946.57,Canadian Equity,Canada,2025-01-31,Active
POS00643,CLI0161,SEC002,TD,283.65,19433.15,28552.21,-9119.06,Canadian Equity,Canada,2024-01-16,Pending Settlement
POS00644,CLI0162,SEC015,JPM,417.08,60164.92,38642.46,21522.46,US Equity,United States,2025-03-25,Pending Settlement
POS00645,CLI0162,SEC048,XAW,984.99,177159.9,163331.04,13828.86,International Equity,Canada,2024-09-09,Active
POS00646,CLI0162,SEC043,SLF,1554.67,681617.04,475620.19,205996.85,Canadian Equity,Canada,2024-11-16,Active
POS00647,CLI0162,SEC013,NVDA,1878.89,627588.22,541327.0,86261.22,US Equity,United States,2025-10-18,Pending Settlement
POS00648,CLI0162,SEC049,VEA,1575.97,446759.96,414038.84,32721.12,International Equity,United States,2024-02-13,Pending Settlement
POS00649,CLI0163,SEC034,IIP,1967.82,48940.51,48073.84,866.67,Real Estate,Canada,2025-10-07,Closed
POS00650,CLI0163,SEC035,AQN,387.8,128626.95,86316.52,42310.43,Infrastructure,Canada,2024-10-19,Active
POS00651,CLI0163,SEC026,CAN.GOV.2Y,850.7,184186.13,262440.95,-78254.82,Fixed Income,Canada,2025-06-13,Pending Settlement
POS00652,CLI0164,SEC042,MFC,235.21,141524.65,91842.45,49682.2,Canadian Equity,Canada,2025-12-13,Active
POS00653,CLI0164,SEC029,CORP.BOND.A,792.2,88115.67,130800.14,-42684.47,Fixed Income,Canada,2025-04-09,Active
POS00654,CLI0164,SEC006,CNQ,1428.14,162181.53,149897.57,12283.96,Canadian Equity,Canada,2024-09-13,Active
POS00655,CLI0164,SEC047,CASH.ETF,1300.67,374350.54,464573.31,-90222.77,Cash,Canada,2024-05-06,Active
POS00656,CLI0164,SEC033,AP,1415.39,329937.48,451325.41,-121387.93,Real Estate,Canada,2025-12-25,Active
POS00657,CLI0165,SEC040,HBF,1538.84,834124.63,702588.18,131536.45,Alternatives,Canada,2025-11-06,Pending Settlement
POS00658,CLI0165,SEC011,AAPL,332.63,35170.28,25472.81,9697.47,US Equity,United States,2024-02-22,Active
POS00659,CLI0165,SEC025,ASML,625.94,259122.7,241281.09,17841.61,International Equity,Netherlands,2025-10-03,Active
POS00660,CLI0165,SEC036,BIP,1798.1,564385.61,863825.22,-299439.61,Infrastructure,Canada,2024-09-16,Active
POS00661,CLI0165,SEC048,XAW,1000.28,356963.64,251900.51,105063.13,International Equity,Canada,2025-09-14,Pending Settlement
POS00662,CLI0165,SEC003,BNS,483.38,157925.16,143317.34,14607.82,Canadian Equity,Canada,2025-02-23,Active
POS00663,CLI0166,SEC039,GOLD.ETF,1260.98,439058.37,518212.34,-79153.97,Alternatives,Canada,2024-07-08,Active
POS00664,CLI0166,SEC001,RY,1310.02,44369.29,30366.26,14003.03,Canadian Equity,Canada,2025-11-14,Active
POS00665,CLI0166,SEC016,JNJ,1210.54,149934.26,204460.21,-54525.95,US Equity,United States,2024-04-21,Active
POS00666,CLI0166,SEC036,BIP,364.71,151546.9,123155.27,28391.63,Infrastructure,Canada,2025-12-09,Active
POS00667,CLI0166,SEC018,V,1148.84,510288.29,325443.4,184844.89,US Equity,United States,2025-08-15,Active
POS00668,CLI0166,SEC040,HBF,81.32,29983.85,31341.54,-1357.69,Alternatives,Canada,2025-01-23,Active
POS00669,CLI0167,SEC036,BIP,252.83,104766.79,108820.56,-4053.77,Infrastructure,Canada,2025-02-27,Active
POS00670,CLI0167,SEC005,ENB,1394.7,323792.46,429525.76,-105733.3,Canadian Equity,Canada,2025-10-06,Active
POS00671,CLI0167,SEC019,UNH,184.46,82088.76,67036.45,15052.31,US Equity,United States,2025-12-24,Active
POS00672,CLI0167,SEC031,REI,1221.6,226932.98,197483.86,29449.12,Real Estate,Canada,2025-09-30,Active
POS00673,CLI0167,SEC009,TRI,268.13,86939.74,76014.85,10924.89,Canadian Equity,Canada,2025-10-09,Active
POS00674,CLI0168,SEC040,HBF,588.07,45191.5,59283.34,-14091.84,Alternatives,Canada,2025-04-21,Active
POS00675,CLI0168,SEC015,JPM,244.67,146503.04,103933.37,42569.67,US Equity,United States,2025-02-28,Active
POS00676,CLI0168,SEC046,BAM,674.25,239090.4,190414.94,48675.46,Canadian Equity,Canada,2024-01-12,Active
POS00677,CLI0169,SEC017,XOM,1104.49,322116.98,424875.21,-102758.23,US Equity,United States,2024-12-07,Active
POS00678,CLI0169,SEC005,ENB,1451.55,304855.78,449864.38,-145008.6,Canadian Equity,Canada,2024-06-28,Active
POS00679,CLI0169,SEC020,PG,1669.31,851450.26,770436.64,81013.62,US Equity,United States,2025-04-30,Active
POS00680,CLI0169,SEC033,AP,1294.85,392550.38,315088.8,77461.58,Real Estate,Canada,2025-07-03,Pending Settlement
POS00681,CLI0170,SEC027,CAN.GOV.10Y,1134.24,455009.68,386446.91,68562.77,Fixed Income,Canada,2024-01-20,Active
POS00682,CLI0170,SEC048,XAW,1374.13,822555.99,550710.08,271845.91,International Equity,Canada,2024-12-28,Active
POS00683,CLI0170,SEC004,BMO,307.12,125753.13,129349.73,-3596.6,Canadian Equity,Canada,2025-01-19,Active
POS00684,CLI0170,SEC034,IIP,1686.39,494817.35,485073.22,9744.13,Real Estate,Canada,2025-09-01,Active
POS00685,CLI0170,SEC020,PG,1566.86,361745.26,246937.14,114808.12,US Equity,United States,2025-12-27,Active
POS00686,CLI0171,SEC006,CNQ,1660.62,295326.77,257063.98,38262.79,Canadian Equity,Canada,2024-06-28,Active
POS00687,CLI0171,SEC032,CRT,1572.04,930510.56,613111.32,317399.24,Real Estate,Canada,2025-03-30,Active
POS00688,CLI0171,SEC016,JNJ,1600.06,577169.73,724747.18,-147577.45,US Equity,United States,2024-12-14,Pending Settlement
POS00689,CLI0171,SEC024,NOVO,1467.56,537686.22,387729.35,149956.87,International Equity,Denmark,2024-05-26,Active
POS00690,CLI0171,SEC029,CORP.BOND.A,205.52,115125.91,100957.59,14168.32,Fixed Income,Canada,2024-05-15,Active
POS00691,CLI0172,SEC030,HYG,1430.22,246488.46,376948.78,-130460.32,Fixed Income,United States,2024-02-15,Active
POS00692,CLI0172,SEC025,ASML,1192.63,62731.02,57365.5,5365.52,International Equity,Netherlands,2024-02-17,Active
POS00693,CLI0173,SEC002,TD,1281.31,117250.44,139496.22,-22245.78,Canadian Equity,Canada,2024-10-20,Active
POS00694,CLI0173,SEC037,TRP,645.11,109759.63,144085.32,-34325.69,Infrastructure,Canada,2024-06-01,Active
POS00695,CLI0173,SEC049,VEA,237.78,134686.46,113982.22,20704.24,International Equity,United States,2024-04-14,Active
POS00696,CLI0173,SEC020,PG,707.13,90226.61,115014.69,-24788.08,US Equity,United States,2025-12-22,Active
POS00697,CLI0174,SEC016,JNJ,1085.75,22150.19,32691.93,-10541.74,US Equity,United States,2025-11-22,Active
POS00698,CLI0174,SEC011,AAPL,773.36,37657.33,36835.14,822.19,US Equity,United States,2025-12-22,Active
POS00699,CLI0174,SEC005,ENB,1189.58,654999.57,498326.96,156672.61,Canadian Equity,Canada,2025-09-23,Active
POS00700,CLI0174,SEC020,PG,671.34,94839.75,69201.73,25638.02,US Equity,United States,2025-06-30,Active
POS00701,CLI0174,SEC040,HBF,1846.34,841938.43,707868.29,134070.14,Alternatives,Canada,2024-04-05,Active
POS00702,CLI0174,SEC022,SAP,1840.18,471837.26,435754.62,36082.64,International Equity,Germany,2025-12-01,Active
POS00703,CLI0175,SEC031,REI,1826.59,478050.23,363637.54,114412.69,Real Estate,Canada,2025-11-12,Active
POS00704,CLI0175,SEC015,JPM,1722.98,317911.62,285601.16,32310.46,US Equity,United States,2024-03-07,Active
POS00705,CLI0175,SEC010,BCE,709.37,134431.8,165503.11,-31071.31,Canadian Equity,Canada,2024-12-22,Active
POS00706,CLI0175,SEC040,HBF,263.51,21034.02,14743.38,6290.64,Alternatives,Canada,2024-04-19,Active
POS00707,CLI0175,SEC017,XOM,1302.41,598150.05,517382.37,80767.68,US Equity,United States,2025-02-14,Active
POS00708,CLI0176,SEC040,HBF,326.45,56722.61,79581.98,-22859.37,Alternatives,Canada,2024-08-01,Active
POS00709,CLI0176,SEC016,JNJ,1186.03,496050.61,466394.44,29656.17,US Equity,United States,2024-12-16,Active
POS00710,CLI0176,SEC036,BIP,479.95,115708.58,159818.55,-44109.97,Infrastructure,Canada,2025-12-29,Active
POS00711,CLI0177,SEC008,CP,1114.62,375262.2,459111.98,-83849.78,Canadian Equity,Canada,2025-02-19,Active
POS00712,CLI0177,SEC038,FTS,226.4,127716.17,92362.14,35354.03,Infrastructure,Canada,2025-01-23,Active
POS00713,CLI0177,SEC039,GOLD.ETF,1293.53,39263.79,45829.77,-6565.98,Alternatives,Canada,2024-05-22,Pending Settlement
POS00714,CLI0177,SEC030,HYG,1807.48,375927.86,578194.78,-202266.92,Fixed Income,United States,2024-05-30,Active
POS00715,CLI0177,SEC021,NESN,911.42,168013.28,136065.89,31947.39,International Equity,Switzerland,2025-04-02,Active
POS00716,CLI0178,SEC020,PG,1438.4,1047936.31,658758.43,389177.88,US Equity,United States,2025-08-19,Active
POS00717,CLI0178,SEC037,TRP,1972.98,312033.04,404618.74,-92585.7,Infrastructure,Canada,2024-10-28,Active
POS00718,CLI0178,SEC044,POW,1803.14,568096.11,872918.11,-304822.0,Canadian Equity,Canada,2025-07-27,Active
POS00719,CLI0178,SEC028,PROV.ON.5Y,724.9,460364.92,312663.87,147701.05,Fixed Income,Canada,2024-08-28,Active
POS00720,CLI0179,SEC026,CAN.GOV.2Y,769.31,270495.08,211429.47,59065.61,Fixed Income,Canada,2025-05-01,Active
POS00721,CLI0179,SEC041,GSY,1115.29,467513.88,471154.26,-3640.38,Canadian Equity,Canada,2025-03-03,Active
POS00722,CLI0179,SEC021,NESN,1994.94,522255.55,671656.4,-149400.85,International Equity,Switzerland,2024-03-14,Active
POS00723,CLI0179,SEC046,BAM,296.55,167510.4,131377.58,36132.82,Canadian Equity,Canada,2024-05-19,Active
POS00724,CLI0179,SEC025,ASML,1288.06,294190.92,271587.45,22603.47,International Equity,Netherlands,2025-12-13,Active
POS00725,CLI0179,SEC050,ZRE,857.15,91364.26,80572.1,10792.16,Real Estate,Canada,2025-07-19,Active
POS00726,CLI0180,SEC023,SHEL,24.79,8384.71,6236.92,2147.79,International Equity,United Kingdom,2025-12-30,Active
POS00727,CLI0180,SEC015,JPM,827.57,227557.28,227871.4,-314.12,US Equity,United States,2024-02-08,Active
POS00728,CLI0180,SEC012,MSFT,1412.72,95467.35,86204.17,9263.18,US Equity,United States,2025-12-08,Active
POS00729,CLI0180,SEC028,PROV.ON.5Y,1463.07,569759.5,388547.5,181212.0,Fixed Income,Canada,2024-10-13,Active
POS00730,CLI0180,SEC039,GOLD.ETF,165.69,54183.12,73816.55,-19633.43,Alternatives,Canada,2025-04-28,Active
POS00731,CLI0181,SEC044,POW,1083.0,389618.41,316149.36,73469.05,Canadian Equity,Canada,2024-12-17,Active
POS00732,CLI0181,SEC041,GSY,31.46,10919.63,7227.94,3691.69,Canadian Equity,Canada,2025-08-10,Active
POS00733,CLI0182,SEC023,SHEL,1846.5,930698.93,694228.61,236470.32,International Equity,United Kingdom,2025-07-31,Active
POS00734,CLI0182,SEC019,UNH,1262.31,438945.72,367559.43,71386.29,US Equity,United States,2025-11-03,Closed
POS00735,CLI0182,SEC011,AAPL,1619.7,469217.39,508650.59,-39433.2,US Equity,United States,2024-03-25,Active
POS00736,CLI0182,SEC003,BNS,162.96,56957.4,64036.76,-7079.36,Canadian Equity,Canada,2025-09-22,Active
POS00737,CLI0182,SEC045,GWO,1717.14,15616.26,20657.19,-5040.93,Canadian Equity,Canada,2024-06-27,Pending Settlement
POS00738,CLI0183,SEC043,SLF,1617.6,285877.92,217276.03,68601.89,Canadian Equity,Canada,2025-05-11,Active
POS00739,CLI0183,SEC029,CORP.BOND.A,1059.5,35900.61,22652.11,13248.5,Fixed Income,Canada,2024-05-28,Active
POS00740,CLI0183,SEC024,NOVO,1645.23,942442.05,690371.41,252070.64,International Equity,Denmark,2025-02-26,Active
POS00741,CLI0184,SEC043,SLF,1278.77,188480.1,139859.07,48621.03,Canadian Equity,Canada,2024-12-19,Active
POS00742,CLI0184,SEC029,CORP.BOND.A,536.15,154103.83,220180.72,-66076.89,Fixed Income,Canada,2025-04-20,Active
POS00743,CLI0184,SEC047,CASH.ETF,609.72,311506.95,228242.58,83264.37,Cash,Canada,2025-06-29,Active
POS00744,CLI0185,SEC031,REI,33.61,16785.46,15594.37,1191.09,Real Estate,Canada,2025-11-25,Active
POS00745,CLI0185,SEC017,XOM,1065.2,378180.02,509336.03,-131156.01,US Equity,United States,2025-06-28,Active
POS00746,CLI0185,SEC010,BCE,1912.81,636846.49,418388.93,218457.56,Canadian Equity,Canada,2024-10-06,Active
POS00747,CLI0185,SEC034,IIP,541.5,36942.61,29051.47,7891.14,Real Estate,Canada,2025-02-04,Active
POS00748,CLI0185,SEC028,PROV.ON.5Y,1353.83,217475.93,168809.06,48666.87,Fixed Income,Canada,2024-07-18,Active
POS00749,CLI0186,SEC021,NESN,1348.88,371729.06,562064.81,-190335.75,International Equity,Switzerland,2024-04-10,Active
POS00750,CLI0186,SEC036,BIP,1374.14,329352.33,245971.06,83381.27,Infrastructure,Canada,2024-09-14,Active
POS00751,CLI0186,SEC001,RY,57.16,4450.77,2887.15,1563.62,Canadian Equity,Canada,2025-11-03,Pending Settlement
POS00752,CLI0187,SEC039,GOLD.ETF,1419.07,133736.59,91373.92,42362.67,Alternatives,Canada,2024-05-13,Active
POS00753,CLI0187,SEC041,GSY,1530.08,704205.98,498362.36,205843.62,Canadian Equity,Canada,2024-07-08,Pending Settlement
POS00754,CLI0187,SEC008,CP,1394.35,198843.31,181823.24,17020.07,Canadian Equity,Canada,2024-03-18,Active
POS00755,CLI0188,SEC050,ZRE,1542.06,204647.59,254578.69,-49931.1,Real Estate,Canada,2024-03-16,Active
POS00756,CLI0188,SEC028,PROV.ON.5Y,134.15,42257.55,26474.5,15783.05,Fixed Income,Canada,2024-09-21,Closed
POS00757,CLI0188,SEC045,GWO,536.68,133746.36,119722.57,14023.79,Canadian Equity,Canada,2024-07-24,Active
POS00758,CLI0188,SEC043,SLF,365.1,71393.41,90752.91,-19359.5,Canadian Equity,Canada,2025-03-17,Active
POS00759,CLI0189,SEC029,CORP.BOND.A,525.4,8384.34,11695.4,-3311.06,Fixed Income,Canada,2024-09-13,Active
POS00760,CLI0189,SEC046,BAM,47.34,15114.86,11899.38,3215.48,Canadian Equity,Canada,2024-01-01,Pending Settlement
POS00761,CLI0190,SEC018,V,1153.53,462943.61,300044.69,162898.92,US Equity,United States,2025-05-17,Active
POS00762,CLI0190,SEC010,BCE,813.79,422558.65,297228.66,125329.99,Canadian Equity,Canada,2024-03-12,Active
POS00763,CLI0190,SEC045,GWO,16.58,11293.61,7913.8,3379.81,Canadian Equity,Canada,2025-05-08,Active
POS00764,CLI0190,SEC022,SAP,1075.26,515438.9,533156.92,-17718.02,International Equity,Germany,2024-11-06,Active
POS00765,CLI0190,SEC026,CAN.GOV.2Y,1268.22,447763.35,608263.68,-160500.33,Fixed Income,Canada,2025-07-01,Pending Settlement
POS00766,CLI0191,SEC006,CNQ,587.02,72904.58,61954.09,10950.49,Canadian Equity,Canada,2025-01-28,Active
POS00767,CLI0191,SEC030,HYG,604.75,90022.0,119800.97,-29778.97,Fixed Income,United States,2025-12-06,Active
POS00768,CLI0191,SEC049,VEA,178.88,76766.64,56924.98,19841.66,International Equity,United States,2024-05-23,Active
POS00769,CLI0191,SEC050,ZRE,60.48,26412.3,30131.74,-3719.44,Real Estate,Canada,2025-02-02,Active
POS00770,CLI0192,SEC042,MFC,83.71,3833.69,2741.5,1092.19,Canadian Equity,Canada,2024-02-13,Active
POS00771,CLI0192,SEC020,PG,431.24,162560.7,141731.34,20829.36,US Equity,United States,2025-11-25,Pending Settlement
POS00772,CLI0192,SEC032,CRT,1077.76,349173.0,400732.72,-51559.72,Real Estate,Canada,2024-03-14,Active
POS00773,CLI0192,SEC035,AQN,291.77,105254.72,95890.21,9364.51,Infrastructure,Canada,2025-09-25,Active
POS00774,CLI0192,SEC029,CORP.BOND.A,1405.58,79619.61,97856.48,-18236.87,Fixed Income,Canada,2024-02-21,Pending Settlement
POS00775,CLI0192,SEC002,TD,1643.27,107506.22,87356.23,20149.99,Canadian Equity,Canada,2025-08-28,Active
POS00776,CLI0193,SEC008,CP,1194.01,262564.4,369832.66,-107268.26,Canadian Equity,Canada,2024-07-26,Active
POS00777,CLI0193,SEC032,CRT,1624.93,1033186.76,798149.37,235037.39,Real Estate,Canada,2024-11-28,Active
POS00778,CLI0194,SEC035,AQN,355.16,11731.33,12888.76,-1157.43,Infrastructure,Canada,2025-03-01,Active
POS00779,CLI0194,SEC009,TRI,746.16,57010.47,64677.15,-7666.68,Canadian Equity,Canada,2025-08-18,Active
POS00780,CLI0194,SEC021,NESN,208.94,109243.39,88684.58,20558.81,International Equity,Switzerland,2024-06-10,Active
POS00781,CLI0194,SEC014,AMZN,979.07,6538.62,7969.63,-1431.01,US Equity,United States,2024-04-01,Active
POS00782,CLI0194,SEC003,BNS,1191.52,226828.57,173306.58,53521.99,Canadian Equity,Canada,2025-05-02,Active
POS00783,CLI0194,SEC038,FTS,420.26,155067.39,135201.84,19865.55,Infrastructure,Canada,2025-02-25,Active
POS00784,CLI0195,SEC040,HBF,1196.58,530483.83,430780.77,99703.06,Alternatives,Canada,2024-03-31,Active
POS00785,CLI0195,SEC045,GWO,1567.34,181721.75,277716.97,-95995.22,Canadian Equity,Canada,2024-08-29,Active
POS00786,CLI0195,SEC003,BNS,1973.34,1193403.24,963996.32,229406.92,Canadian Equity,Canada,2025-07-06,Active
POS00787,CLI0196,SEC050,ZRE,115.61,5563.5,7026.78,-1463.28,Real Estate,Canada,2025-04-30,Active
POS00788,CLI0196,SEC041,GSY,327.92,106185.86,151407.22,-45221.36,Canadian Equity,Canada,2025-01-07,Active
POS00789,CLI0196,SEC043,SLF,875.0,211060.03,149170.0,61890.03,Canadian Equity,Canada,2025-04-09,Active
POS00790,CLI0196,SEC014,AMZN,1483.43,560972.28,686546.24,-125573.96,US Equity,United States,2024-01-30,Active
POS00791,CLI0196,SEC018,V,240.97,144174.59,107969.02,36205.57,US Equity,United States,2025-08-29,Active
POS00792,CLI0197,SEC013,NVDA,1560.16,192978.85,259673.03,-66694.18,US Equity,United States,2025-02-26,Pending Settlement
POS00793,CLI0197,SEC048,XAW,757.31,94936.88,86507.52,8429.36,International Equity,Canada,2025-05-11,Active
POS00794,CLI0197,SEC044,POW,877.37,120764.48,98265.44,22499.04,Canadian Equity,Canada,2024-07-01,Active
POS00795,CLI0197,SEC021,NESN,281.45,127156.09,101690.7,25465.39,International Equity,Switzerland,2024-10-03,Active
POS00796,CLI0197,SEC015,JPM,263.15,64647.13,91481.47,-26834.34,US Equity,United States,2024-05-19,Active
POS00797,CLI0198,SEC030,HYG,447.51,54023.92,67618.76,-13594.84,Fixed Income,United States,2025-10-15,Closed
POS00798,CLI0198,SEC027,CAN.GOV.10Y,1812.1,620026.45,527629.16,92397.29,Fixed Income,Canada,2024-08-23,Active
POS00799,CLI0198,SEC011,AAPL,1715.38,676611.02,423973.32,252637.7,US Equity,United States,2025-08-28,Active
POS00800,CLI0198,SEC049,VEA,930.9,11981.3,11338.36,642.94,International Equity,United States,2024-09-09,Active
POS00801,CLI0198,SEC022,SAP,874.15,154038.3,100605.92,53432.38,International Equity,Germany,2024-06-01,Pending Settlement
POS00802,CLI0199,SEC027,CAN.GOV.10Y,89.72,29467.68,21350.67,8117.01,Fixed Income,Canada,2024-02-04,Active
POS00803,CLI0199,SEC003,BNS,794.7,423058.56,322497.21,100561.35,Canadian Equity,Canada,2024-04-10,Active
POS00804,CLI0200,SEC006,CNQ,34.72,19793.93,12750.23,7043.7,Canadian Equity,Canada,2024-05-15,Active
POS00805,CLI0200,SEC036,BIP,485.73,161369.69,242612.42,-81242.73,Infrastructure,Canada,2025-11-16,Active
POS00806,CLI0200,SEC049,VEA,1409.58,823642.74,605654.24,217988.5,International Equity,United States,2024-01-25,Closed
